filename,timestamp,epoch_ms,mode,region
fn_1771329893030.jpg,2026-02-17T12:04:53.137572Z,1771329893030,interval,"7,12,1896,994"
fn_1771329893263.jpg,2026-02-17T12:04:53.316916Z,1771329893263,interval,"7,12,1896,994"
fn_1771329893475.jpg,2026-02-17T12:04:53.515382Z,1771329893475,interval,"7,12,1896,994"
fn_1771329893633.jpg,2026-02-17T12:04:53.702541Z,1771329893633,interval,"7,12,1896,994"
fn_1771329893862.jpg,2026-02-17T12:04:53.917354Z,1771329893862,interval,"7,12,1896,994"
fn_1771329894087.jpg,2026-02-17T12:04:54.153105Z,1771329894087,interval,"7,12,1896,994"
fn_1771329894306.jpg,2026-02-17T12:04:54.386209Z,1771329894306,interval,"7,12,1896,994"
fn_1771329894586.jpg,2026-02-17T12:04:54.687957Z,1771329894586,interval,"7,12,1896,994"
fn_1771329894900.jpg,2026-02-17T12:04:55.244006Z,1771329894900,interval,"7,12,1896,994"
fn_1771329895513.jpg,2026-02-17T12:04:55.844290Z,1771329895513,interval,"7,12,1896,994"
fn_1771329896191.jpg,2026-02-17T12:04:56.325464Z,1771329896191,interval,"7,12,1896,994"
fn_1771329896461.jpg,2026-02-17T12:04:56.533414Z,1771329896461,interval,"7,12,1896,994"
fn_1771329896686.jpg,2026-02-17T12:04:56.760412Z,1771329896686,interval,"7,12,1896,994"
fn_1771329896905.jpg,2026-02-17T12:04:56.987005Z,1771329896905,interval,"7,12,1896,994"
fn_1771329897100.jpg,2026-02-17T12:04:57.203714Z,1771329897100,interval,"7,12,1896,994"
fn_1771329897316.jpg,2026-02-17T12:04:57.373463Z,1771329897316,interval,"7,12,1896,994"
fn_1771329897546.jpg,2026-02-17T12:04:57.640094Z,1771329897546,interval,"7,12,1896,994"
fn_1771329897812.jpg,2026-02-17T12:04:57.977684Z,1771329897812,interval,"7,12,1896,994"
fn_1771329898179.jpg,2026-02-17T12:04:58.277818Z,1771329898179,interval,"7,12,1896,994"
fn_1771329898509.jpg,2026-02-17T12:04:58.710638Z,1771329898509,interval,"7,12,1896,994"
fn_1771329899038.jpg,2026-02-17T12:04:59.363128Z,1771329899038,interval,"7,12,1896,994"
fn_1771329899831.jpg,2026-02-17T12:05:00.449119Z,1771329899831,interval,"7,12,1896,994"
fn_1771329900981.jpg,2026-02-17T12:05:01.389951Z,1771329900981,interval,"7,12,1896,994"
fn_1771329901772.jpg,2026-02-17T12:05:02.270748Z,1771329901772,interval,"7,12,1896,994"
fn_1771329902623.jpg,2026-02-17T12:05:03.108301Z,1771329902623,interval,"7,12,1896,994"
fn_1771329903635.jpg,2026-02-17T12:05:03.903952Z,1771329903635,interval,"7,12,1896,994"
fn_1771329904282.jpg,2026-02-17T12:05:04.683547Z,1771329904282,interval,"7,12,1896,994"
fn_1771329932409.jpg,2026-02-17T12:05:32.434141Z,1771329932409,interval,"7,12,1896,994"
fn_1771329932626.jpg,2026-02-17T12:05:32.660291Z,1771329932626,interval,"7,12,1896,994"
fn_1771329932808.jpg,2026-02-17T12:05:32.832616Z,1771329932808,interval,"7,12,1896,994"
fn_1771329933017.jpg,2026-02-17T12:05:33.044268Z,1771329933017,interval,"7,12,1896,994"
fn_1771329933225.jpg,2026-02-17T12:05:33.255428Z,1771329933225,interval,"7,12,1896,994"
fn_1771329933430.jpg,2026-02-17T12:05:33.453517Z,1771329933430,interval,"7,12,1896,994"
fn_1771329933623.jpg,2026-02-17T12:05:33.647132Z,1771329933623,interval,"7,12,1896,994"
fn_1771329933842.jpg,2026-02-17T12:05:33.863951Z,1771329933842,interval,"7,12,1896,994"
fn_1771329934039.jpg,2026-02-17T12:05:34.056984Z,1771329934039,interval,"7,12,1896,994"
fn_1771329934220.jpg,2026-02-17T12:05:34.239295Z,1771329934220,interval,"7,12,1896,994"
fn_1771329934450.jpg,2026-02-17T12:05:34.463791Z,1771329934450,interval,"7,12,1896,994"
fn_1771329934673.jpg,2026-02-17T12:05:34.696370Z,1771329934673,interval,"7,12,1896,994"
fn_1771329934868.jpg,2026-02-17T12:05:34.889026Z,1771329934868,interval,"7,12,1896,994"
fn_1771329935046.jpg,2026-02-17T12:05:35.059620Z,1771329935046,interval,"7,12,1896,994"
fn_1771329935279.jpg,2026-02-17T12:05:35.318170Z,1771329935279,interval,"7,12,1896,994"
fn_1771329935641.jpg,2026-02-17T12:05:35.796474Z,1771329935641,interval,"7,12,1896,994"
fn_1771329935992.jpg,2026-02-17T12:05:36.115058Z,1771329935992,interval,"7,12,1896,994"
fn_1771329936276.jpg,2026-02-17T12:05:36.415223Z,1771329936276,interval,"7,12,1896,994"
fn_1771329936549.jpg,2026-02-17T12:05:36.655358Z,1771329936549,interval,"7,12,1896,994"
fn_1771329936826.jpg,2026-02-17T12:05:36.978385Z,1771329936826,interval,"7,12,1896,994"
fn_1771329937170.jpg,2026-02-17T12:05:37.438363Z,1771329937170,interval,"7,12,1896,994"
fn_1771329937813.jpg,2026-02-17T12:05:37.986431Z,1771329937813,interval,"7,12,1896,994"
fn_1771329938363.jpg,2026-02-17T12:05:38.477329Z,1771329938363,interval,"7,12,1896,994"
fn_1771329938875.jpg,2026-02-17T12:05:39.152053Z,1771329938875,interval,"7,12,1896,994"
fn_1771329939625.jpg,2026-02-17T12:05:39.851100Z,1771329939625,interval,"7,12,1896,994"
fn_1771329940140.jpg,2026-02-17T12:05:40.463555Z,1771329940140,interval,"7,12,1896,994"
fn_1771329940816.jpg,2026-02-17T12:05:41.246409Z,1771329940816,interval,"7,12,1896,994"
fn_1771329941835.jpg,2026-02-17T12:05:42.145519Z,1771329941835,interval,"7,12,1896,994"
fn_1771329942432.jpg,2026-02-17T12:05:42.848583Z,1771329942432,interval,"7,12,1896,994"
fn_1771329943238.jpg,2026-02-17T12:05:43.547555Z,1771329943238,interval,"7,12,1896,994"
fn_1771329944097.jpg,2026-02-17T12:05:44.371791Z,1771329944097,interval,"7,12,1896,994"
fn_1771329944888.jpg,2026-02-17T12:05:45.534555Z,1771329944888,interval,"7,12,1896,994"
fn_1771329945969.jpg,2026-02-17T12:05:46.238288Z,1771329945969,interval,"7,12,1896,994"
fn_1771329946438.jpg,2026-02-17T12:05:46.615323Z,1771329946438,interval,"7,12,1896,994"
fn_1771329946800.jpg,2026-02-17T12:05:46.974319Z,1771329946800,interval,"7,12,1896,994"
fn_1771329947213.jpg,2026-02-17T12:05:47.450267Z,1771329947213,interval,"7,12,1896,994"
fn_1771329947843.jpg,2026-02-17T12:05:48.809600Z,1771329947843,interval,"7,12,1896,994"
fn_1771329949316.jpg,2026-02-17T12:05:49.486874Z,1771329949316,interval,"7,12,1896,994"
fn_1771329949693.jpg,2026-02-17T12:05:49.886341Z,1771329949693,interval,"7,12,1896,994"
fn_1771329950058.jpg,2026-02-17T12:05:50.537562Z,1771329950058,interval,"7,12,1896,994"
fn_1771329950773.jpg,2026-02-17T12:05:51.047756Z,1771329950773,interval,"7,12,1896,994"
fn_1771329951266.jpg,2026-02-17T12:05:51.384568Z,1771329951266,interval,"7,12,1896,994"
fn_1771329951660.jpg,2026-02-17T12:05:51.759163Z,1771329951660,interval,"7,12,1896,994"
fn_1771329951938.jpg,2026-02-17T12:05:52.002894Z,1771329951938,interval,"7,12,1896,994"
fn_1771329952236.jpg,2026-02-17T12:05:52.382622Z,1771329952236,interval,"7,12,1896,994"
fn_1771329952555.jpg,2026-02-17T12:05:52.670868Z,1771329952555,interval,"7,12,1896,994"
fn_1771329952870.jpg,2026-02-17T12:05:53.002650Z,1771329952870,interval,"7,12,1896,994"
fn_1771329953206.jpg,2026-02-17T12:05:53.415579Z,1771329953206,interval,"7,12,1896,994"
fn_1771329953559.jpg,2026-02-17T12:05:53.715282Z,1771329953559,interval,"7,12,1896,994"
fn_1771329953885.jpg,2026-02-17T12:05:54.006904Z,1771329953885,interval,"7,12,1896,994"
fn_1771329954161.jpg,2026-02-17T12:05:54.343157Z,1771329954161,interval,"7,12,1896,994"
fn_1771329954579.jpg,2026-02-17T12:05:54.743840Z,1771329954579,interval,"7,12,1896,994"
fn_1771329954907.jpg,2026-02-17T12:05:55.172591Z,1771329954907,interval,"7,12,1896,994"
fn_1771329955310.jpg,2026-02-17T12:05:55.419487Z,1771329955310,interval,"7,12,1896,994"
fn_1771329955573.jpg,2026-02-17T12:05:55.806959Z,1771329955573,interval,"7,12,1896,994"
fn_1771329955978.jpg,2026-02-17T12:05:56.100387Z,1771329955978,interval,"7,12,1896,994"
fn_1771329956346.jpg,2026-02-17T12:05:56.470778Z,1771329956346,interval,"7,12,1896,994"
fn_1771329956618.jpg,2026-02-17T12:05:56.783521Z,1771329956618,interval,"7,12,1896,994"
fn_1771329957007.jpg,2026-02-17T12:05:57.140675Z,1771329957007,interval,"7,12,1896,994"
fn_1771329957285.jpg,2026-02-17T12:05:57.499943Z,1771329957285,interval,"7,12,1896,994"
fn_1771329957704.jpg,2026-02-17T12:05:57.817608Z,1771329957704,interval,"7,12,1896,994"
fn_1771329958022.jpg,2026-02-17T12:05:58.252581Z,1771329958022,interval,"7,12,1896,994"
fn_1771329958417.jpg,2026-02-17T12:05:58.652514Z,1771329958417,interval,"7,12,1896,994"
fn_1771329958816.jpg,2026-02-17T12:05:58.952328Z,1771329958816,interval,"7,12,1896,994"
fn_1771329959129.jpg,2026-02-17T12:05:59.314043Z,1771329959129,interval,"7,12,1896,994"
fn_1771329959481.jpg,2026-02-17T12:05:59.654156Z,1771329959481,interval,"7,12,1896,994"
fn_1771329959843.jpg,2026-02-17T12:05:59.918909Z,1771329959843,interval,"7,12,1896,994"
fn_1771329960148.jpg,2026-02-17T12:06:00.442765Z,1771329960148,interval,"7,12,1896,994"
fn_1771329960643.jpg,2026-02-17T12:06:00.934056Z,1771329960643,interval,"7,12,1896,994"
fn_1771329961102.jpg,2026-02-17T12:06:01.273488Z,1771329961102,interval,"7,12,1896,994"
fn_1771329961637.jpg,2026-02-17T12:06:01.775157Z,1771329961637,interval,"7,12,1896,994"
fn_1771329961952.jpg,2026-02-17T12:06:02.117709Z,1771329961952,interval,"7,12,1896,994"
fn_1771329962285.jpg,2026-02-17T12:06:02.386325Z,1771329962285,interval,"7,12,1896,994"
fn_1771329962547.jpg,2026-02-17T12:06:02.794092Z,1771329962547,interval,"7,12,1896,994"
fn_1771329962933.jpg,2026-02-17T12:06:03.247638Z,1771329962933,interval,"7,12,1896,994"
fn_1771329963387.jpg,2026-02-17T12:06:03.515526Z,1771329963387,interval,"7,12,1896,994"
fn_1771329963652.jpg,2026-02-17T12:06:03.869493Z,1771329963652,interval,"7,12,1896,994"
fn_1771329964051.jpg,2026-02-17T12:06:04.236007Z,1771329964051,interval,"7,12,1896,994"
fn_1771329964491.jpg,2026-02-17T12:06:04.545375Z,1771329964491,interval,"7,12,1896,994"
fn_1771329964688.jpg,2026-02-17T12:06:04.749910Z,1771329964688,interval,"7,12,1896,994"
fn_1771329964970.jpg,2026-02-17T12:06:05.203796Z,1771329964970,interval,"7,12,1896,994"
fn_1771329966387.jpg,2026-02-17T12:06:06.566188Z,1771329966387,interval,"7,12,1896,994"
fn_1771329966938.jpg,2026-02-17T12:06:07.026521Z,1771329966938,interval,"7,12,1896,994"
fn_1771329967163.jpg,2026-02-17T12:06:07.287901Z,1771329967163,interval,"7,12,1896,994"
fn_1771329967472.jpg,2026-02-17T12:06:07.609689Z,1771329967472,interval,"7,12,1896,994"
fn_1771329967746.jpg,2026-02-17T12:06:07.794144Z,1771329967746,interval,"7,12,1896,994"
fn_1771329967985.jpg,2026-02-17T12:06:08.120311Z,1771329967985,interval,"7,12,1896,994"
fn_1771329968393.jpg,2026-02-17T12:06:08.511234Z,1771329968393,interval,"7,12,1896,994"
fn_1771329968676.jpg,2026-02-17T12:06:08.755225Z,1771329968676,interval,"7,12,1896,994"
fn_1771329968870.jpg,2026-02-17T12:06:08.918174Z,1771329968870,interval,"7,12,1896,994"
fn_1771329969140.jpg,2026-02-17T12:06:09.259599Z,1771329969140,interval,"7,12,1896,994"
fn_1771329969411.jpg,2026-02-17T12:06:09.541858Z,1771329969411,interval,"7,12,1896,994"
fn_1771329969713.jpg,2026-02-17T12:06:09.740423Z,1771329969713,interval,"7,12,1896,994"
fn_1771329969838.jpg,2026-02-17T12:06:09.893840Z,1771329969838,interval,"7,12,1896,994"
fn_1771329970045.jpg,2026-02-17T12:06:10.057193Z,1771329970045,interval,"7,12,1896,994"
fn_1771329970285.jpg,2026-02-17T12:06:10.315005Z,1771329970285,interval,"7,12,1896,994"
fn_1771329970438.jpg,2026-02-17T12:06:10.486063Z,1771329970438,interval,"7,12,1896,994"
fn_1771329970654.jpg,2026-02-17T12:06:10.706595Z,1771329970654,interval,"7,12,1896,994"
fn_1771329970888.jpg,2026-02-17T12:06:10.945169Z,1771329970888,interval,"7,12,1896,994"
fn_1771329971083.jpg,2026-02-17T12:06:11.139217Z,1771329971083,interval,"7,12,1896,994"
fn_1771329971264.jpg,2026-02-17T12:06:11.319607Z,1771329971264,interval,"7,12,1896,994"
fn_1771329971470.jpg,2026-02-17T12:06:11.493846Z,1771329971470,interval,"7,12,1896,994"
fn_1771329971687.jpg,2026-02-17T12:06:11.712999Z,1771329971687,interval,"7,12,1896,994"
fn_1771329971890.jpg,2026-02-17T12:06:11.939878Z,1771329971890,interval,"7,12,1896,994"
fn_1771329972096.jpg,2026-02-17T12:06:12.132476Z,1771329972096,interval,"7,12,1896,994"
fn_1771329972295.jpg,2026-02-17T12:06:12.311879Z,1771329972295,interval,"7,12,1896,994"
fn_1771329972503.jpg,2026-02-17T12:06:12.521915Z,1771329972503,interval,"7,12,1896,994"
fn_1771329972717.jpg,2026-02-17T12:06:12.746148Z,1771329972717,interval,"7,12,1896,994"
fn_1771329972931.jpg,2026-02-17T12:06:12.961544Z,1771329972931,interval,"7,12,1896,994"
fn_1771329973135.jpg,2026-02-17T12:06:13.194136Z,1771329973135,interval,"7,12,1896,994"
fn_1771329973293.jpg,2026-02-17T12:06:13.311187Z,1771329973293,interval,"7,12,1896,994"
fn_1771329973529.jpg,2026-02-17T12:06:13.585236Z,1771329973529,interval,"7,12,1896,994"
fn_1771329973726.jpg,2026-02-17T12:06:13.775052Z,1771329973726,interval,"7,12,1896,994"
fn_1771329973948.jpg,2026-02-17T12:06:14.003467Z,1771329973948,interval,"7,12,1896,994"
fn_1771329974153.jpg,2026-02-17T12:06:14.185435Z,1771329974153,interval,"7,12,1896,994"
fn_1771329974346.jpg,2026-02-17T12:06:14.367247Z,1771329974346,interval,"7,12,1896,994"
fn_1771329974553.jpg,2026-02-17T12:06:14.585548Z,1771329974553,interval,"7,12,1896,994"
fn_1771329974763.jpg,2026-02-17T12:06:14.800010Z,1771329974763,interval,"7,12,1896,994"
fn_1771329974948.jpg,2026-02-17T12:06:14.998157Z,1771329974948,interval,"7,12,1896,994"
fn_1771329975183.jpg,2026-02-17T12:06:15.241608Z,1771329975183,interval,"7,12,1896,994"
fn_1771329975363.jpg,2026-02-17T12:06:15.388386Z,1771329975363,interval,"7,12,1896,994"
fn_1771329975589.jpg,2026-02-17T12:06:15.647560Z,1771329975589,interval,"7,12,1896,994"
fn_1771329975786.jpg,2026-02-17T12:06:15.843797Z,1771329975786,interval,"7,12,1896,994"
fn_1771329975996.jpg,2026-02-17T12:06:16.051482Z,1771329975996,interval,"7,12,1896,994"
fn_1771329976219.jpg,2026-02-17T12:06:16.274324Z,1771329976219,interval,"7,12,1896,994"
fn_1771329976392.jpg,2026-02-17T12:06:16.438381Z,1771329976392,interval,"7,12,1896,994"
fn_1771329976610.jpg,2026-02-17T12:06:16.665297Z,1771329976610,interval,"7,12,1896,994"
fn_1771329976820.jpg,2026-02-17T12:06:16.848991Z,1771329976820,interval,"7,12,1896,994"
fn_1771329977035.jpg,2026-02-17T12:06:17.092523Z,1771329977035,interval,"7,12,1896,994"
fn_1771330165592.jpg,2026-02-17T12:09:25.615238Z,1771330165592,interval,"7,12,1896,994"
fn_1771330165777.jpg,2026-02-17T12:09:25.791659Z,1771330165777,interval,"7,12,1896,994"
fn_1771330165986.jpg,2026-02-17T12:09:26.006890Z,1771330165986,interval,"7,12,1896,994"
fn_1771330166197.jpg,2026-02-17T12:09:26.250895Z,1771330166197,interval,"7,12,1896,994"
fn_1771330166390.jpg,2026-02-17T12:09:26.417809Z,1771330166390,interval,"7,12,1896,994"
fn_1771330166629.jpg,2026-02-17T12:09:26.683465Z,1771330166629,interval,"7,12,1896,994"
fn_1771330166825.jpg,2026-02-17T12:09:26.849675Z,1771330166825,interval,"7,12,1896,994"
fn_1771330167033.jpg,2026-02-17T12:09:27.058117Z,1771330167033,interval,"7,12,1896,994"
fn_1771330167505.jpg,2026-02-17T12:09:27.698743Z,1771330167505,interval,"7,12,1896,994"
fn_1771330167952.jpg,2026-02-17T12:09:28.080726Z,1771330167952,interval,"7,12,1896,994"
fn_1771330168225.jpg,2026-02-17T12:09:28.343145Z,1771330168225,interval,"7,12,1896,994"
fn_1771330168557.jpg,2026-02-17T12:09:28.825154Z,1771330168557,interval,"7,12,1896,994"
fn_1771330169317.jpg,2026-02-17T12:09:29.998088Z,1771330169317,interval,"7,12,1896,994"
fn_1771330170356.jpg,2026-02-17T12:09:30.542422Z,1771330170356,interval,"7,12,1896,994"
fn_1771330170734.jpg,2026-02-17T12:09:30.892180Z,1771330170734,interval,"7,12,1896,994"
fn_1771330171057.jpg,2026-02-17T12:09:31.162302Z,1771330171057,interval,"7,12,1896,994"
fn_1771330171323.jpg,2026-02-17T12:09:31.470324Z,1771330171323,interval,"7,12,1896,994"
fn_1771330171673.jpg,2026-02-17T12:09:31.839464Z,1771330171673,interval,"7,12,1896,994"
fn_1771330172081.jpg,2026-02-17T12:09:32.253503Z,1771330172081,interval,"7,12,1896,994"
fn_1771330172578.jpg,2026-02-17T12:09:32.855014Z,1771330172578,interval,"7,12,1896,994"
fn_1771330173117.jpg,2026-02-17T12:09:33.349781Z,1771330173117,interval,"7,12,1896,994"
fn_1771330173519.jpg,2026-02-17T12:09:33.616437Z,1771330173519,interval,"7,12,1896,994"
fn_1771330173705.jpg,2026-02-17T12:09:33.785551Z,1771330173705,interval,"7,12,1896,994"
fn_1771330173925.jpg,2026-02-17T12:09:34.042489Z,1771330173925,interval,"7,12,1896,994"
fn_1771330174194.jpg,2026-02-17T12:09:34.319540Z,1771330174194,interval,"7,12,1896,994"
fn_1771330174540.jpg,2026-02-17T12:09:34.857013Z,1771330174540,interval,"7,12,1896,994"
fn_1771330175068.jpg,2026-02-17T12:09:35.227494Z,1771330175068,interval,"7,12,1896,994"
fn_1771330175551.jpg,2026-02-17T12:09:35.798279Z,1771330175551,interval,"7,12,1896,994"
fn_1771330176193.jpg,2026-02-17T12:09:36.382111Z,1771330176193,interval,"7,12,1896,994"
fn_1771330176697.jpg,2026-02-17T12:09:36.938167Z,1771330176697,interval,"7,12,1896,994"
fn_1771330177209.jpg,2026-02-17T12:09:37.421519Z,1771330177209,interval,"7,12,1896,994"
fn_1771330177672.jpg,2026-02-17T12:09:37.918192Z,1771330177672,interval,"7,12,1896,994"
fn_1771330178150.jpg,2026-02-17T12:09:38.333272Z,1771330178150,interval,"7,12,1896,994"
fn_1771330178528.jpg,2026-02-17T12:09:38.675367Z,1771330178528,interval,"7,12,1896,994"
fn_1771330178829.jpg,2026-02-17T12:09:38.933191Z,1771330178829,interval,"7,12,1896,994"
fn_1771330179053.jpg,2026-02-17T12:09:39.138092Z,1771330179053,interval,"7,12,1896,994"
fn_1771330179271.jpg,2026-02-17T12:09:39.634235Z,1771330179271,interval,"7,12,1896,994"
fn_1771330180036.jpg,2026-02-17T12:09:40.449597Z,1771330180036,interval,"7,12,1896,994"
fn_1771330180805.jpg,2026-02-17T12:09:41.052805Z,1771330180805,interval,"7,12,1896,994"
fn_1771330181433.jpg,2026-02-17T12:09:41.701766Z,1771330181433,interval,"7,12,1896,994"
fn_1771330182010.jpg,2026-02-17T12:09:42.298849Z,1771330182010,interval,"7,12,1896,994"
fn_1771330182586.jpg,2026-02-17T12:09:42.847105Z,1771330182586,interval,"7,12,1896,994"
fn_1771330183086.jpg,2026-02-17T12:09:43.331939Z,1771330183086,interval,"7,12,1896,994"
fn_1771330183499.jpg,2026-02-17T12:09:43.684462Z,1771330183499,interval,"7,12,1896,994"
fn_1771330183855.jpg,2026-02-17T12:09:44.017288Z,1771330183855,interval,"7,12,1896,994"
fn_1771330184197.jpg,2026-02-17T12:09:44.339743Z,1771330184197,interval,"7,12,1896,994"
fn_1771330184501.jpg,2026-02-17T12:09:44.611808Z,1771330184501,interval,"7,12,1896,994"
fn_1771330184759.jpg,2026-02-17T12:09:44.891960Z,1771330184759,interval,"7,12,1896,994"
fn_1771330185037.jpg,2026-02-17T12:09:45.138522Z,1771330185037,interval,"7,12,1896,994"
fn_1771330185454.jpg,2026-02-17T12:09:45.580811Z,1771330185454,interval,"7,12,1896,994"
fn_1771330185734.jpg,2026-02-17T12:09:45.807977Z,1771330185734,interval,"7,12,1896,994"
fn_1771330185923.jpg,2026-02-17T12:09:46.054144Z,1771330185923,interval,"7,12,1896,994"
fn_1771330186177.jpg,2026-02-17T12:09:46.243671Z,1771330186177,interval,"7,12,1896,994"
fn_1771330186378.jpg,2026-02-17T12:09:46.437428Z,1771330186378,interval,"7,12,1896,994"
fn_1771330186619.jpg,2026-02-17T12:09:46.682338Z,1771330186619,interval,"7,12,1896,994"
fn_1771330186803.jpg,2026-02-17T12:09:46.877132Z,1771330186803,interval,"7,12,1896,994"
fn_1771330187050.jpg,2026-02-17T12:09:47.139088Z,1771330187050,interval,"7,12,1896,994"
fn_1771330187327.jpg,2026-02-17T12:09:47.444420Z,1771330187327,interval,"7,12,1896,994"
fn_1771330187596.jpg,2026-02-17T12:09:47.874333Z,1771330187596,interval,"7,12,1896,994"
fn_1771330188052.jpg,2026-02-17T12:09:48.133272Z,1771330188052,interval,"7,12,1896,994"
fn_1771330188274.jpg,2026-02-17T12:09:48.446591Z,1771330188274,interval,"7,12,1896,994"
fn_1771330188605.jpg,2026-02-17T12:09:48.744391Z,1771330188605,interval,"7,12,1896,994"
fn_1771330188842.jpg,2026-02-17T12:09:48.871654Z,1771330188842,interval,"7,12,1896,994"
fn_1771330189050.jpg,2026-02-17T12:09:49.093440Z,1771330189050,interval,"7,12,1896,994"
fn_1771330189240.jpg,2026-02-17T12:09:49.273059Z,1771330189240,interval,"7,12,1896,994"
fn_1771330189424.jpg,2026-02-17T12:09:49.434098Z,1771330189424,interval,"7,12,1896,994"
fn_1771330189613.jpg,2026-02-17T12:09:49.623003Z,1771330189613,interval,"7,12,1896,994"
fn_1771330189847.jpg,2026-02-17T12:09:49.902628Z,1771330189847,interval,"7,12,1896,994"
fn_1771330190063.jpg,2026-02-17T12:09:50.085664Z,1771330190063,interval,"7,12,1896,994"
fn_1771330190256.jpg,2026-02-17T12:09:50.279805Z,1771330190256,interval,"7,12,1896,994"
fn_1771330190451.jpg,2026-02-17T12:09:50.505986Z,1771330190451,interval,"7,12,1896,994"
fn_1771330208997.jpg,2026-02-17T12:10:09.019442Z,1771330208997,interval,"7,12,1896,994"
fn_1771330209189.jpg,2026-02-17T12:10:09.219060Z,1771330209189,interval,"7,12,1896,994"
fn_1771330209406.jpg,2026-02-17T12:10:09.441185Z,1771330209406,interval,"7,12,1896,994"
fn_1771330209625.jpg,2026-02-17T12:10:09.651410Z,1771330209625,interval,"7,12,1896,994"
fn_1771330209816.jpg,2026-02-17T12:10:09.841573Z,1771330209816,interval,"7,12,1896,994"
fn_1771330210027.jpg,2026-02-17T12:10:10.046845Z,1771330210027,interval,"7,12,1896,994"
fn_1771330210241.jpg,2026-02-17T12:10:10.269836Z,1771330210241,interval,"7,12,1896,994"
fn_1771330210610.jpg,2026-02-17T12:10:10.909845Z,1771330210610,interval,"7,12,1896,994"
fn_1771330211173.jpg,2026-02-17T12:10:11.491628Z,1771330211173,interval,"7,12,1896,994"
fn_1771330211751.jpg,2026-02-17T12:10:12.077475Z,1771330211751,interval,"7,12,1896,994"
fn_1771330212377.jpg,2026-02-17T12:10:12.562602Z,1771330212377,interval,"7,12,1896,994"
fn_1771330213105.jpg,2026-02-17T12:10:13.685958Z,1771330213105,interval,"7,12,1896,994"
fn_1771330213985.jpg,2026-02-17T12:10:14.209224Z,1771330213985,interval,"7,12,1896,994"
fn_1771330214428.jpg,2026-02-17T12:10:14.810671Z,1771330214428,interval,"7,12,1896,994"
fn_1771330215169.jpg,2026-02-17T12:10:15.415202Z,1771330215169,interval,"7,12,1896,994"
fn_1771330215775.jpg,2026-02-17T12:10:16.083171Z,1771330215775,interval,"7,12,1896,994"
fn_1771330216412.jpg,2026-02-17T12:10:16.661029Z,1771330216412,interval,"7,12,1896,994"
fn_1771330216986.jpg,2026-02-17T12:10:17.220828Z,1771330216986,interval,"7,12,1896,994"
fn_1771330217519.jpg,2026-02-17T12:10:17.774738Z,1771330217519,interval,"7,12,1896,994"
fn_1771330218066.jpg,2026-02-17T12:10:18.262966Z,1771330218066,interval,"7,12,1896,994"
fn_1771330218455.jpg,2026-02-17T12:10:18.618242Z,1771330218455,interval,"7,12,1896,994"
fn_1771330218826.jpg,2026-02-17T12:10:18.920187Z,1771330218826,interval,"7,12,1896,994"
fn_1771330219077.jpg,2026-02-17T12:10:19.306745Z,1771330219077,interval,"7,12,1896,994"
fn_1771330219488.jpg,2026-02-17T12:10:19.626190Z,1771330219488,interval,"7,12,1896,994"
fn_1771330219773.jpg,2026-02-17T12:10:19.874319Z,1771330219773,interval,"7,12,1896,994"
fn_1771330219994.jpg,2026-02-17T12:10:20.093119Z,1771330219994,interval,"7,12,1896,994"
fn_1771330220210.jpg,2026-02-17T12:10:20.326113Z,1771330220210,interval,"7,12,1896,994"
fn_1771330220469.jpg,2026-02-17T12:10:20.551890Z,1771330220469,interval,"7,12,1896,994"
fn_1771330220652.jpg,2026-02-17T12:10:20.711847Z,1771330220652,interval,"7,12,1896,994"
fn_1771330220922.jpg,2026-02-17T12:10:21.018269Z,1771330220922,interval,"7,12,1896,994"
fn_1771330221162.jpg,2026-02-17T12:10:21.251295Z,1771330221162,interval,"7,12,1896,994"
fn_1771330221383.jpg,2026-02-17T12:10:21.503085Z,1771330221383,interval,"7,12,1896,994"
fn_1771330221618.jpg,2026-02-17T12:10:21.663238Z,1771330221618,interval,"7,12,1896,994"
fn_1771330221843.jpg,2026-02-17T12:10:21.951876Z,1771330221843,interval,"7,12,1896,994"
fn_1771330222146.jpg,2026-02-17T12:10:22.243426Z,1771330222146,interval,"7,12,1896,994"
fn_1771330222469.jpg,2026-02-17T12:10:22.655120Z,1771330222469,interval,"7,12,1896,994"
fn_1771330222920.jpg,2026-02-17T12:10:23.101729Z,1771330222920,interval,"7,12,1896,994"
fn_1771330223351.jpg,2026-02-17T12:10:23.490994Z,1771330223351,interval,"7,12,1896,994"
fn_1771330223660.jpg,2026-02-17T12:10:23.739720Z,1771330223660,interval,"7,12,1896,994"
fn_1771330223900.jpg,2026-02-17T12:10:24.027314Z,1771330223900,interval,"7,12,1896,994"
fn_1771330224160.jpg,2026-02-17T12:10:24.218777Z,1771330224160,interval,"7,12,1896,994"
fn_1771330224433.jpg,2026-02-17T12:10:24.543413Z,1771330224433,interval,"7,12,1896,994"
fn_1771330224709.jpg,2026-02-17T12:10:24.804247Z,1771330224709,interval,"7,12,1896,994"
fn_1771330224939.jpg,2026-02-17T12:10:25.033882Z,1771330224939,interval,"7,12,1896,994"
fn_1771330225145.jpg,2026-02-17T12:10:25.215104Z,1771330225145,interval,"7,12,1896,994"
fn_1771330225371.jpg,2026-02-17T12:10:25.464033Z,1771330225371,interval,"7,12,1896,994"
fn_1771330225619.jpg,2026-02-17T12:10:25.717573Z,1771330225619,interval,"7,12,1896,994"
fn_1771330225855.jpg,2026-02-17T12:10:25.980423Z,1771330225855,interval,"7,12,1896,994"
fn_1771330226276.jpg,2026-02-17T12:10:26.487081Z,1771330226276,interval,"7,12,1896,994"
fn_1771330226740.jpg,2026-02-17T12:10:26.965257Z,1771330226740,interval,"7,12,1896,994"
fn_1771330227276.jpg,2026-02-17T12:10:27.585438Z,1771330227276,interval,"7,12,1896,994"
fn_1771330228138.jpg,2026-02-17T12:10:28.568519Z,1771330228138,interval,"7,12,1896,994"
fn_1771330228900.jpg,2026-02-17T12:10:29.247121Z,1771330228900,interval,"7,12,1896,994"
fn_1771330229633.jpg,2026-02-17T12:10:30.009337Z,1771330229633,interval,"7,12,1896,994"
fn_1771330230367.jpg,2026-02-17T12:10:30.452384Z,1771330230367,interval,"7,12,1896,994"
fn_1771330230548.jpg,2026-02-17T12:10:30.632629Z,1771330230548,interval,"7,12,1896,994"
fn_1771330230786.jpg,2026-02-17T12:10:30.910856Z,1771330230786,interval,"7,12,1896,994"
fn_1771330231160.jpg,2026-02-17T12:10:31.319009Z,1771330231160,interval,"7,12,1896,994"
fn_1771330231532.jpg,2026-02-17T12:10:31.620198Z,1771330231532,interval,"7,12,1896,994"
fn_1771330231788.jpg,2026-02-17T12:10:31.871238Z,1771330231788,interval,"7,12,1896,994"
fn_1771330232073.jpg,2026-02-17T12:10:32.200196Z,1771330232073,interval,"7,12,1896,994"
fn_1771330232324.jpg,2026-02-17T12:10:32.343388Z,1771330232324,interval,"7,12,1896,994"
fn_1771330232515.jpg,2026-02-17T12:10:32.542727Z,1771330232515,interval,"7,12,1896,994"
fn_1771330232731.jpg,2026-02-17T12:10:32.753936Z,1771330232731,interval,"7,12,1896,994"
fn_1771330232915.jpg,2026-02-17T12:10:32.939040Z,1771330232915,interval,"7,12,1896,994"
fn_1771330233121.jpg,2026-02-17T12:10:33.144716Z,1771330233121,interval,"7,12,1896,994"
fn_1771330233312.jpg,2026-02-17T12:10:33.341716Z,1771330233312,interval,"7,12,1896,994"
fn_1771330233529.jpg,2026-02-17T12:10:33.582780Z,1771330233529,interval,"7,12,1896,994"
fn_1771330233735.jpg,2026-02-17T12:10:33.757284Z,1771330233735,interval,"7,12,1896,994"
fn_1771330233945.jpg,2026-02-17T12:10:33.969177Z,1771330233945,interval,"7,12,1896,994"
fn_1771330234146.jpg,2026-02-17T12:10:34.174168Z,1771330234146,interval,"7,12,1896,994"
fn_1771330234355.jpg,2026-02-17T12:10:34.381178Z,1771330234355,interval,"7,12,1896,994"
fn_1771330234536.jpg,2026-02-17T12:10:34.560186Z,1771330234536,interval,"7,12,1896,994"
fn_1771404923010.jpg,2026-02-18T08:55:23.071575Z,1771404923010,interval,"0,3,1905,1004"
fn_1771404923211.jpg,2026-02-18T08:55:23.228250Z,1771404923211,interval,"0,3,1905,1004"
fn_1771404923415.jpg,2026-02-18T08:55:23.439966Z,1771404923415,interval,"0,3,1905,1004"
fn_1771404923613.jpg,2026-02-18T08:55:23.629091Z,1771404923613,interval,"0,3,1905,1004"
fn_1771404923831.jpg,2026-02-18T08:55:23.847858Z,1771404923831,interval,"0,3,1905,1004"
fn_1771404924048.jpg,2026-02-18T08:55:24.092536Z,1771404924048,interval,"0,3,1905,1004"
fn_1771404924251.jpg,2026-02-18T08:55:24.268288Z,1771404924251,interval,"0,3,1905,1004"
fn_1771404924463.jpg,2026-02-18T08:55:24.480194Z,1771404924463,interval,"0,3,1905,1004"
fn_1771404924698.jpg,2026-02-18T08:55:24.732516Z,1771404924698,interval,"0,3,1905,1004"
fn_1771404924885.jpg,2026-02-18T08:55:24.917234Z,1771404924885,interval,"0,3,1905,1004"
fn_1771404925130.jpg,2026-02-18T08:55:25.194015Z,1771404925130,interval,"0,3,1905,1004"
fn_1771404925335.jpg,2026-02-18T08:55:25.435969Z,1771404925335,interval,"0,3,1905,1004"
fn_1771404925575.jpg,2026-02-18T08:55:25.637785Z,1771404925575,interval,"0,3,1905,1004"
fn_1771404925740.jpg,2026-02-18T08:55:25.793153Z,1771404925740,interval,"0,3,1905,1004"
fn_1771404925982.jpg,2026-02-18T08:55:26.082781Z,1771404925982,interval,"0,3,1905,1004"
fn_1771404926256.jpg,2026-02-18T08:55:26.384068Z,1771404926256,interval,"0,3,1905,1004"
fn_1771404926519.jpg,2026-02-18T08:55:26.685264Z,1771404926519,interval,"0,3,1905,1004"
fn_1771404926865.jpg,2026-02-18T08:55:27.025221Z,1771404926865,interval,"0,3,1905,1004"
fn_1771404927151.jpg,2026-02-18T08:55:27.226702Z,1771404927151,interval,"0,3,1905,1004"
fn_1771404927341.jpg,2026-02-18T08:55:27.376863Z,1771404927341,interval,"0,3,1905,1004"
fn_1771404927541.jpg,2026-02-18T08:55:27.573223Z,1771404927541,interval,"0,3,1905,1004"
fn_1771404927786.jpg,2026-02-18T08:55:27.831313Z,1771404927786,interval,"0,3,1905,1004"
fn_1771404927964.jpg,2026-02-18T08:55:28.043771Z,1771404927964,interval,"0,3,1905,1004"
fn_1771404928224.jpg,2026-02-18T08:55:28.268387Z,1771404928224,interval,"0,3,1905,1004"
fn_1771404928356.jpg,2026-02-18T08:55:28.424665Z,1771404928356,interval,"0,3,1905,1004"
fn_1771404928580.jpg,2026-02-18T08:55:28.642745Z,1771404928580,interval,"0,3,1905,1004"
fn_1771404928765.jpg,2026-02-18T08:55:28.786015Z,1771404928765,interval,"0,3,1905,1004"
fn_1771404928965.jpg,2026-02-18T08:55:28.980030Z,1771404928965,interval,"0,3,1905,1004"
fn_1771404929166.jpg,2026-02-18T08:55:29.181550Z,1771404929166,interval,"0,3,1905,1004"
fn_1771404929363.jpg,2026-02-18T08:55:29.407048Z,1771404929363,interval,"0,3,1905,1004"
fn_1771404929570.jpg,2026-02-18T08:55:29.615460Z,1771404929570,interval,"0,3,1905,1004"
fn_1771404929784.jpg,2026-02-18T08:55:29.799015Z,1771404929784,interval,"0,3,1905,1004"
fn_1771404929984.jpg,2026-02-18T08:55:30.030164Z,1771404929984,interval,"0,3,1905,1004"
fn_1771404930180.jpg,2026-02-18T08:55:30.196153Z,1771404930180,interval,"0,3,1905,1004"
fn_1771404930380.jpg,2026-02-18T08:55:30.393221Z,1771404930380,interval,"0,3,1905,1004"
fn_1771404930601.jpg,2026-02-18T08:55:30.628083Z,1771404930601,interval,"0,3,1905,1004"
fn_1771404930801.jpg,2026-02-18T08:55:30.813285Z,1771404930801,interval,"0,3,1905,1004"
fn_1771404930996.jpg,2026-02-18T08:55:31.041300Z,1771404930996,interval,"0,3,1905,1004"
fn_1771404931212.jpg,2026-02-18T08:55:31.225911Z,1771404931212,interval,"0,3,1905,1004"
fn_1771404931415.jpg,2026-02-18T08:55:31.431502Z,1771404931415,interval,"0,3,1905,1004"
fn_1771404931629.jpg,2026-02-18T08:55:31.649204Z,1771404931629,interval,"0,3,1905,1004"
fn_1771404931827.jpg,2026-02-18T08:55:31.854264Z,1771404931827,interval,"0,3,1905,1004"
fn_1771404932032.jpg,2026-02-18T08:55:32.061752Z,1771404932032,interval,"0,3,1905,1004"
fn_1771404932247.jpg,2026-02-18T08:55:32.275328Z,1771404932247,interval,"0,3,1905,1004"
fn_1771404932451.jpg,2026-02-18T08:55:32.475634Z,1771404932451,interval,"0,3,1905,1004"
fn_1771404932648.jpg,2026-02-18T08:55:32.679547Z,1771404932648,interval,"0,3,1905,1004"
fn_1771404932847.jpg,2026-02-18T08:55:32.860261Z,1771404932847,interval,"0,3,1905,1004"
fn_1771404933065.jpg,2026-02-18T08:55:33.081042Z,1771404933065,interval,"0,3,1905,1004"
fn_1771404933282.jpg,2026-02-18T08:55:33.297404Z,1771404933282,interval,"0,3,1905,1004"
fn_1771404933481.jpg,2026-02-18T08:55:33.495829Z,1771404933481,interval,"0,3,1905,1004"
fn_1771404933683.jpg,2026-02-18T08:55:33.713174Z,1771404933683,interval,"0,3,1905,1004"
fn_1771404933899.jpg,2026-02-18T08:55:33.931565Z,1771404933899,interval,"0,3,1905,1004"
fn_1771404934099.jpg,2026-02-18T08:55:34.124225Z,1771404934099,interval,"0,3,1905,1004"
fn_1771404934312.jpg,2026-02-18T08:55:34.337861Z,1771404934312,interval,"0,3,1905,1004"
fn_1771404934515.jpg,2026-02-18T08:55:34.544326Z,1771404934515,interval,"0,3,1905,1004"
fn_1771404934718.jpg,2026-02-18T08:55:34.748383Z,1771404934718,interval,"0,3,1905,1004"
fn_1771404934913.jpg,2026-02-18T08:55:34.946338Z,1771404934913,interval,"0,3,1905,1004"
fn_1771404935140.jpg,2026-02-18T08:55:35.167250Z,1771404935140,interval,"0,3,1905,1004"
fn_1771404935334.jpg,2026-02-18T08:55:35.364243Z,1771404935334,interval,"0,3,1905,1004"
fn_1771404935529.jpg,2026-02-18T08:55:35.552730Z,1771404935529,interval,"0,3,1905,1004"
fn_1771404935749.jpg,2026-02-18T08:55:35.781097Z,1771404935749,interval,"0,3,1905,1004"
fn_1771404935947.jpg,2026-02-18T08:55:35.961163Z,1771404935947,interval,"0,3,1905,1004"
fn_1771404936147.jpg,2026-02-18T08:55:36.159760Z,1771404936147,interval,"0,3,1905,1004"
fn_1771404936365.jpg,2026-02-18T08:55:36.378689Z,1771404936365,interval,"0,3,1905,1004"
fn_1771404936562.jpg,2026-02-18T08:55:36.588695Z,1771404936562,interval,"0,3,1905,1004"
fn_1771404936766.jpg,2026-02-18T08:55:36.796823Z,1771404936766,interval,"0,3,1905,1004"
fn_1771404936981.jpg,2026-02-18T08:55:37.006259Z,1771404936981,interval,"0,3,1905,1004"
fn_1771404937179.jpg,2026-02-18T08:55:37.194031Z,1771404937179,interval,"0,3,1905,1004"
fn_1771404937398.jpg,2026-02-18T08:55:37.420172Z,1771404937398,interval,"0,3,1905,1004"
fn_1771404939184.jpg,2026-02-18T08:55:39.197852Z,1771404939184,interval,"0,3,1905,1004"
fn_1771404939381.jpg,2026-02-18T08:55:39.394152Z,1771404939381,interval,"0,3,1905,1004"
fn_1771404939578.jpg,2026-02-18T08:55:39.607125Z,1771404939578,interval,"0,3,1905,1004"
fn_1771404939796.jpg,2026-02-18T08:55:39.809604Z,1771404939796,interval,"0,3,1905,1004"
fn_1771404939991.jpg,2026-02-18T08:55:40.017651Z,1771404939991,interval,"0,3,1905,1004"
fn_1771404940193.jpg,2026-02-18T08:55:40.208987Z,1771404940193,interval,"0,3,1905,1004"
fn_1771404940405.jpg,2026-02-18T08:55:40.436784Z,1771404940405,interval,"0,3,1905,1004"
fn_1771404940615.jpg,2026-02-18T08:55:40.644490Z,1771404940615,interval,"0,3,1905,1004"
fn_1771404940840.jpg,2026-02-18T08:55:40.891412Z,1771404940840,interval,"0,3,1905,1004"
fn_1771404941071.jpg,2026-02-18T08:55:41.104662Z,1771404941071,interval,"0,3,1905,1004"
fn_1771404941250.jpg,2026-02-18T08:55:41.353120Z,1771404941250,interval,"0,3,1905,1004"
fn_1771404941460.jpg,2026-02-18T08:55:41.542565Z,1771404941460,interval,"0,3,1905,1004"
fn_1771404941680.jpg,2026-02-18T08:55:41.741744Z,1771404941680,interval,"0,3,1905,1004"
fn_1771404941871.jpg,2026-02-18T08:55:41.941642Z,1771404941871,interval,"0,3,1905,1004"
fn_1771404942091.jpg,2026-02-18T08:55:42.182287Z,1771404942091,interval,"0,3,1905,1004"
fn_1771404942296.jpg,2026-02-18T08:55:42.370473Z,1771404942296,interval,"0,3,1905,1004"
fn_1771404942508.jpg,2026-02-18T08:55:42.633238Z,1771404942508,interval,"0,3,1905,1004"
fn_1771404942765.jpg,2026-02-18T08:55:42.837874Z,1771404942765,interval,"0,3,1905,1004"
fn_1771404942966.jpg,2026-02-18T08:55:43.109599Z,1771404942966,interval,"0,3,1905,1004"
fn_1771404943225.jpg,2026-02-18T08:55:43.341302Z,1771404943225,interval,"0,3,1905,1004"
fn_1771404943431.jpg,2026-02-18T08:55:43.497985Z,1771404943431,interval,"0,3,1905,1004"
fn_1771404943679.jpg,2026-02-18T08:55:43.836773Z,1771404943679,interval,"0,3,1905,1004"
fn_1771404943973.jpg,2026-02-18T08:55:44.057163Z,1771404943973,interval,"0,3,1905,1004"
fn_1771404944195.jpg,2026-02-18T08:55:44.266006Z,1771404944195,interval,"0,3,1905,1004"
fn_1771404944371.jpg,2026-02-18T08:55:44.473139Z,1771404944371,interval,"0,3,1905,1004"
fn_1771404944594.jpg,2026-02-18T08:55:44.659830Z,1771404944594,interval,"0,3,1905,1004"
fn_1771404944821.jpg,2026-02-18T08:55:44.910919Z,1771404944821,interval,"0,3,1905,1004"
fn_1771404945065.jpg,2026-02-18T08:55:45.237955Z,1771404945065,interval,"0,3,1905,1004"
fn_1771404945436.jpg,2026-02-18T08:55:45.559409Z,1771404945436,interval,"0,3,1905,1004"
fn_1771404945667.jpg,2026-02-18T08:55:45.750278Z,1771404945667,interval,"0,3,1905,1004"
fn_1771404945851.jpg,2026-02-18T08:55:45.898446Z,1771404945851,interval,"0,3,1905,1004"
fn_1771404946051.jpg,2026-02-18T08:55:46.103951Z,1771404946051,interval,"0,3,1905,1004"
fn_1771404946300.jpg,2026-02-18T08:55:46.369933Z,1771404946300,interval,"0,3,1905,1004"
fn_1771404946501.jpg,2026-02-18T08:55:46.582533Z,1771404946501,interval,"0,3,1905,1004"
fn_1771404946685.jpg,2026-02-18T08:55:46.759073Z,1771404946685,interval,"0,3,1905,1004"
fn_1771404946918.jpg,2026-02-18T08:55:47.019141Z,1771404946918,interval,"0,3,1905,1004"
fn_1771404947148.jpg,2026-02-18T08:55:47.234810Z,1771404947148,interval,"0,3,1905,1004"
fn_1771404947338.jpg,2026-02-18T08:55:47.458878Z,1771404947338,interval,"0,3,1905,1004"
fn_1771404947571.jpg,2026-02-18T08:55:47.686649Z,1771404947571,interval,"0,3,1905,1004"
fn_1771404947809.jpg,2026-02-18T08:55:47.871851Z,1771404947809,interval,"0,3,1905,1004"
fn_1771404948021.jpg,2026-02-18T08:55:48.096383Z,1771404948021,interval,"0,3,1905,1004"
fn_1771404948214.jpg,2026-02-18T08:55:48.276937Z,1771404948214,interval,"0,3,1905,1004"
fn_1771404948426.jpg,2026-02-18T08:55:48.578099Z,1771404948426,interval,"0,3,1905,1004"
fn_1771404948760.jpg,2026-02-18T08:55:48.874844Z,1771404948760,interval,"0,3,1905,1004"
fn_1771404948991.jpg,2026-02-18T08:55:49.115031Z,1771404948991,interval,"0,3,1905,1004"
fn_1771404949216.jpg,2026-02-18T08:55:49.286323Z,1771404949216,interval,"0,3,1905,1004"
fn_1771404949436.jpg,2026-02-18T08:55:49.524715Z,1771404949436,interval,"0,3,1905,1004"
fn_1771404949647.jpg,2026-02-18T08:55:49.741765Z,1771404949647,interval,"0,3,1905,1004"
fn_1771404949893.jpg,2026-02-18T08:55:49.985001Z,1771404949893,interval,"0,3,1905,1004"
fn_1771404950093.jpg,2026-02-18T08:55:50.191075Z,1771404950093,interval,"0,3,1905,1004"
fn_1771404950310.jpg,2026-02-18T08:55:50.395018Z,1771404950310,interval,"0,3,1905,1004"
fn_1771404950546.jpg,2026-02-18T08:55:50.630850Z,1771404950546,interval,"0,3,1905,1004"
fn_1771404950756.jpg,2026-02-18T08:55:50.837470Z,1771404950756,interval,"0,3,1905,1004"
fn_1771404950953.jpg,2026-02-18T08:55:51.014038Z,1771404950953,interval,"0,3,1905,1004"
fn_1771404951204.jpg,2026-02-18T08:55:51.295592Z,1771404951204,interval,"0,3,1905,1004"
fn_1771404951443.jpg,2026-02-18T08:55:51.529773Z,1771404951443,interval,"0,3,1905,1004"
fn_1771404951666.jpg,2026-02-18T08:55:51.787148Z,1771404951666,interval,"0,3,1905,1004"
fn_1771404951907.jpg,2026-02-18T08:55:51.978715Z,1771404951907,interval,"0,3,1905,1004"
fn_1771404952105.jpg,2026-02-18T08:55:52.170466Z,1771404952105,interval,"0,3,1905,1004"
fn_1771404952346.jpg,2026-02-18T08:55:52.431521Z,1771404952346,interval,"0,3,1905,1004"
fn_1771404952554.jpg,2026-02-18T08:55:52.605433Z,1771404952554,interval,"0,3,1905,1004"
fn_1771404952767.jpg,2026-02-18T08:55:52.891905Z,1771404952767,interval,"0,3,1905,1004"
fn_1771404953060.jpg,2026-02-18T08:55:53.202890Z,1771404953060,interval,"0,3,1905,1004"
fn_1771404953334.jpg,2026-02-18T08:55:53.424278Z,1771404953334,interval,"0,3,1905,1004"
fn_1771404953599.jpg,2026-02-18T08:55:53.728337Z,1771404953599,interval,"0,3,1905,1004"
fn_1771404953847.jpg,2026-02-18T08:55:53.939028Z,1771404953847,interval,"0,3,1905,1004"
fn_1771404954126.jpg,2026-02-18T08:55:54.241454Z,1771404954126,interval,"0,3,1905,1004"
fn_1771404954380.jpg,2026-02-18T08:55:54.467141Z,1771404954380,interval,"0,3,1905,1004"
fn_1771404954593.jpg,2026-02-18T08:55:54.703304Z,1771404954593,interval,"0,3,1905,1004"
fn_1771404954807.jpg,2026-02-18T08:55:54.850836Z,1771404954807,interval,"0,3,1905,1004"
fn_1771404955010.jpg,2026-02-18T08:55:55.101738Z,1771404955010,interval,"0,3,1905,1004"
fn_1771404955216.jpg,2026-02-18T08:55:55.276173Z,1771404955216,interval,"0,3,1905,1004"
fn_1771404955424.jpg,2026-02-18T08:55:55.469087Z,1771404955424,interval,"0,3,1905,1004"
fn_1771404955643.jpg,2026-02-18T08:55:55.732890Z,1771404955643,interval,"0,3,1905,1004"
fn_1771404955827.jpg,2026-02-18T08:55:55.894818Z,1771404955827,interval,"0,3,1905,1004"
fn_1771404956050.jpg,2026-02-18T08:55:56.140239Z,1771404956050,interval,"0,3,1905,1004"
fn_1771404956260.jpg,2026-02-18T08:55:56.339996Z,1771404956260,interval,"0,3,1905,1004"
fn_1771404956448.jpg,2026-02-18T08:55:56.500783Z,1771404956448,interval,"0,3,1905,1004"
fn_1771404956645.jpg,2026-02-18T08:55:56.703304Z,1771404956645,interval,"0,3,1905,1004"
fn_1771404956851.jpg,2026-02-18T08:55:56.905925Z,1771404956851,interval,"0,3,1905,1004"
fn_1771404957053.jpg,2026-02-18T08:55:57.119297Z,1771404957053,interval,"0,3,1905,1004"
fn_1771404957265.jpg,2026-02-18T08:55:57.367347Z,1771404957265,interval,"0,3,1905,1004"
fn_1771404957486.jpg,2026-02-18T08:55:57.616700Z,1771404957486,interval,"0,3,1905,1004"
fn_1771404957770.jpg,2026-02-18T08:55:57.940862Z,1771404957770,interval,"0,3,1905,1004"
fn_1771404958059.jpg,2026-02-18T08:55:58.146068Z,1771404958059,interval,"0,3,1905,1004"
fn_1771404958264.jpg,2026-02-18T08:55:58.385239Z,1771404958264,interval,"0,3,1905,1004"
fn_1771404958520.jpg,2026-02-18T08:55:58.610917Z,1771404958520,interval,"0,3,1905,1004"
fn_1771404958728.jpg,2026-02-18T08:55:58.791703Z,1771404958728,interval,"0,3,1905,1004"
fn_1771404958989.jpg,2026-02-18T08:55:59.078683Z,1771404958989,interval,"0,3,1905,1004"
fn_1771404959190.jpg,2026-02-18T08:55:59.266116Z,1771404959190,interval,"0,3,1905,1004"
fn_1771404959414.jpg,2026-02-18T08:55:59.558309Z,1771404959414,interval,"0,3,1905,1004"
fn_1771404959691.jpg,2026-02-18T08:55:59.773517Z,1771404959691,interval,"0,3,1905,1004"
fn_1771404959873.jpg,2026-02-18T08:55:59.928136Z,1771404959873,interval,"0,3,1905,1004"
fn_1771404960191.jpg,2026-02-18T08:56:00.285394Z,1771404960191,interval,"0,3,1905,1004"
fn_1771404960425.jpg,2026-02-18T08:56:00.529730Z,1771404960425,interval,"0,3,1905,1004"
fn_1771404960675.jpg,2026-02-18T08:56:00.811476Z,1771404960675,interval,"0,3,1905,1004"
fn_1771404960918.jpg,2026-02-18T08:56:00.971609Z,1771404960918,interval,"0,3,1905,1004"
fn_1771404961121.jpg,2026-02-18T08:56:01.161715Z,1771404961121,interval,"0,3,1905,1004"
fn_1771404961374.jpg,2026-02-18T08:56:01.495886Z,1771404961374,interval,"0,3,1905,1004"
fn_1771404961615.jpg,2026-02-18T08:56:01.800169Z,1771404961615,interval,"0,3,1905,1004"
fn_1771404961901.jpg,2026-02-18T08:56:02.018850Z,1771404961901,interval,"0,3,1905,1004"
fn_1771404962131.jpg,2026-02-18T08:56:02.232382Z,1771404962131,interval,"0,3,1905,1004"
fn_1771404962361.jpg,2026-02-18T08:56:02.439344Z,1771404962361,interval,"0,3,1905,1004"
fn_1771404962559.jpg,2026-02-18T08:56:02.711908Z,1771404962559,interval,"0,3,1905,1004"
fn_1771404962913.jpg,2026-02-18T08:56:03.035639Z,1771404962913,interval,"0,3,1905,1004"
fn_1771404963158.jpg,2026-02-18T08:56:03.248127Z,1771404963158,interval,"0,3,1905,1004"
fn_1771404963393.jpg,2026-02-18T08:56:03.519495Z,1771404963393,interval,"0,3,1905,1004"
fn_1771404963667.jpg,2026-02-18T08:56:03.720323Z,1771404963667,interval,"0,3,1905,1004"
fn_1771404963843.jpg,2026-02-18T08:56:03.931231Z,1771404963843,interval,"0,3,1905,1004"
fn_1771404964053.jpg,2026-02-18T08:56:04.196122Z,1771404964053,interval,"0,3,1905,1004"
fn_1771404964301.jpg,2026-02-18T08:56:04.407246Z,1771404964301,interval,"0,3,1905,1004"
fn_1771404964537.jpg,2026-02-18T08:56:04.612980Z,1771404964537,interval,"0,3,1905,1004"
fn_1771404964760.jpg,2026-02-18T08:56:04.851663Z,1771404964760,interval,"0,3,1905,1004"
fn_1771404964958.jpg,2026-02-18T08:56:05.000573Z,1771404964958,interval,"0,3,1905,1004"
fn_1771404965179.jpg,2026-02-18T08:56:05.282861Z,1771404965179,interval,"0,3,1905,1004"
fn_1771404965430.jpg,2026-02-18T08:56:05.529170Z,1771404965430,interval,"0,3,1905,1004"
fn_1771404965653.jpg,2026-02-18T08:56:05.765284Z,1771404965653,interval,"0,3,1905,1004"
fn_1771404965873.jpg,2026-02-18T08:56:05.992616Z,1771404965873,interval,"0,3,1905,1004"
fn_1771404966097.jpg,2026-02-18T08:56:06.163284Z,1771404966097,interval,"0,3,1905,1004"
fn_1771404966303.jpg,2026-02-18T08:56:06.363178Z,1771404966303,interval,"0,3,1905,1004"
fn_1771404966504.jpg,2026-02-18T08:56:06.588609Z,1771404966504,interval,"0,3,1905,1004"
fn_1771404966734.jpg,2026-02-18T08:56:06.853186Z,1771404966734,interval,"0,3,1905,1004"
fn_1771404966973.jpg,2026-02-18T08:56:07.070433Z,1771404966973,interval,"0,3,1905,1004"
fn_1771404967158.jpg,2026-02-18T08:56:07.252430Z,1771404967158,interval,"0,3,1905,1004"
fn_1771404967399.jpg,2026-02-18T08:56:07.482607Z,1771404967399,interval,"0,3,1905,1004"
fn_1771404967594.jpg,2026-02-18T08:56:07.670963Z,1771404967594,interval,"0,3,1905,1004"
fn_1771404967869.jpg,2026-02-18T08:56:08.015368Z,1771404967869,interval,"0,3,1905,1004"
fn_1771404968121.jpg,2026-02-18T08:56:08.244474Z,1771404968121,interval,"0,3,1905,1004"
fn_1771404968399.jpg,2026-02-18T08:56:08.477792Z,1771404968399,interval,"0,3,1905,1004"
fn_1771404968592.jpg,2026-02-18T08:56:08.747577Z,1771404968592,interval,"0,3,1905,1004"
fn_1771404968859.jpg,2026-02-18T08:56:08.938706Z,1771404968859,interval,"0,3,1905,1004"
fn_1771404969060.jpg,2026-02-18T08:56:09.172850Z,1771404969060,interval,"0,3,1905,1004"
fn_1771404969289.jpg,2026-02-18T08:56:09.360110Z,1771404969289,interval,"0,3,1905,1004"
fn_1771404969521.jpg,2026-02-18T08:56:09.608527Z,1771404969521,interval,"0,3,1905,1004"
fn_1771404969731.jpg,2026-02-18T08:56:09.845500Z,1771404969731,interval,"0,3,1905,1004"
fn_1771404969961.jpg,2026-02-18T08:56:10.063002Z,1771404969961,interval,"0,3,1905,1004"
fn_1771404970201.jpg,2026-02-18T08:56:10.290974Z,1771404970201,interval,"0,3,1905,1004"
fn_1771404970428.jpg,2026-02-18T08:56:10.508424Z,1771404970428,interval,"0,3,1905,1004"
fn_1771404970626.jpg,2026-02-18T08:56:10.717372Z,1771404970626,interval,"0,3,1905,1004"
fn_1771404970843.jpg,2026-02-18T08:56:10.948573Z,1771404970843,interval,"0,3,1905,1004"
fn_1771404971055.jpg,2026-02-18T08:56:11.122506Z,1771404971055,interval,"0,3,1905,1004"
fn_1771404971255.jpg,2026-02-18T08:56:11.316231Z,1771404971255,interval,"0,3,1905,1004"
fn_1771404971480.jpg,2026-02-18T08:56:11.586585Z,1771404971480,interval,"0,3,1905,1004"
fn_1771404971726.jpg,2026-02-18T08:56:11.808168Z,1771404971726,interval,"0,3,1905,1004"
fn_1771404971926.jpg,2026-02-18T08:56:12.060821Z,1771404971926,interval,"0,3,1905,1004"
fn_1771404972187.jpg,2026-02-18T08:56:12.237726Z,1771404972187,interval,"0,3,1905,1004"
fn_1771404972366.jpg,2026-02-18T08:56:12.404675Z,1771404972366,interval,"0,3,1905,1004"
fn_1771404972573.jpg,2026-02-18T08:56:12.756549Z,1771404972573,interval,"0,3,1905,1004"
fn_1771404972881.jpg,2026-02-18T08:56:12.950205Z,1771404972881,interval,"0,3,1905,1004"
fn_1771404973061.jpg,2026-02-18T08:56:13.145481Z,1771404973061,interval,"0,3,1905,1004"
fn_1771404973284.jpg,2026-02-18T08:56:13.374194Z,1771404973284,interval,"0,3,1905,1004"
fn_1771404973477.jpg,2026-02-18T08:56:13.530705Z,1771404973477,interval,"0,3,1905,1004"
fn_1771404973712.jpg,2026-02-18T08:56:13.814328Z,1771404973712,interval,"0,3,1905,1004"
fn_1771404973944.jpg,2026-02-18T08:56:14.036179Z,1771404973944,interval,"0,3,1905,1004"
fn_1771404974148.jpg,2026-02-18T08:56:14.233104Z,1771404974148,interval,"0,3,1905,1004"
fn_1771404974379.jpg,2026-02-18T08:56:14.506964Z,1771404974379,interval,"0,3,1905,1004"
fn_1771404974625.jpg,2026-02-18T08:56:14.720120Z,1771404974625,interval,"0,3,1905,1004"
fn_1771404974855.jpg,2026-02-18T08:56:15.017403Z,1771404974855,interval,"0,3,1905,1004"
fn_1771404975166.jpg,2026-02-18T08:56:15.269127Z,1771404975166,interval,"0,3,1905,1004"
fn_1771404975390.jpg,2026-02-18T08:56:15.458709Z,1771404975390,interval,"0,3,1905,1004"
fn_1771404975582.jpg,2026-02-18T08:56:15.691619Z,1771404975582,interval,"0,3,1905,1004"
fn_1771404975803.jpg,2026-02-18T08:56:15.857223Z,1771404975803,interval,"0,3,1905,1004"
fn_1771404975998.jpg,2026-02-18T08:56:16.136025Z,1771404975998,interval,"0,3,1905,1004"
fn_1771404976275.jpg,2026-02-18T08:56:16.354782Z,1771404976275,interval,"0,3,1905,1004"
fn_1771404976471.jpg,2026-02-18T08:56:16.577048Z,1771404976471,interval,"0,3,1905,1004"
fn_1771404976732.jpg,2026-02-18T08:56:16.809722Z,1771404976732,interval,"0,3,1905,1004"
fn_1771404976920.jpg,2026-02-18T08:56:16.990904Z,1771404976920,interval,"0,3,1905,1004"
fn_1771404977154.jpg,2026-02-18T08:56:17.280733Z,1771404977154,interval,"0,3,1905,1004"
fn_1771404977466.jpg,2026-02-18T08:56:17.580480Z,1771404977466,interval,"0,3,1905,1004"
fn_1771404977752.jpg,2026-02-18T08:56:17.877333Z,1771404977752,interval,"0,3,1905,1004"
fn_1771404978011.jpg,2026-02-18T08:56:18.100439Z,1771404978011,interval,"0,3,1905,1004"
fn_1771404978280.jpg,2026-02-18T08:56:18.373435Z,1771404978280,interval,"0,3,1905,1004"
fn_1771404978475.jpg,2026-02-18T08:56:18.537768Z,1771404978475,interval,"0,3,1905,1004"
fn_1771404978729.jpg,2026-02-18T08:56:18.870938Z,1771404978729,interval,"0,3,1905,1004"
fn_1771404978994.jpg,2026-02-18T08:56:19.116608Z,1771404978994,interval,"0,3,1905,1004"
fn_1771404979263.jpg,2026-02-18T08:56:19.387986Z,1771404979263,interval,"0,3,1905,1004"
fn_1771404979599.jpg,2026-02-18T08:56:19.725916Z,1771404979599,interval,"0,3,1905,1004"
fn_1771404979849.jpg,2026-02-18T08:56:19.955746Z,1771404979849,interval,"0,3,1905,1004"
fn_1771404980066.jpg,2026-02-18T08:56:20.204374Z,1771404980066,interval,"0,3,1905,1004"
fn_1771404980324.jpg,2026-02-18T08:56:20.450450Z,1771404980324,interval,"0,3,1905,1004"
fn_1771404980580.jpg,2026-02-18T08:56:20.685380Z,1771404980580,interval,"0,3,1905,1004"
fn_1771404980810.jpg,2026-02-18T08:56:20.899837Z,1771404980810,interval,"0,3,1905,1004"
fn_1771404981009.jpg,2026-02-18T08:56:21.080591Z,1771404981009,interval,"0,3,1905,1004"
fn_1771404981250.jpg,2026-02-18T08:56:21.390973Z,1771404981250,interval,"0,3,1905,1004"
fn_1771404981557.jpg,2026-02-18T08:56:21.729344Z,1771404981557,interval,"0,3,1905,1004"
fn_1771404981880.jpg,2026-02-18T08:56:21.943806Z,1771404981880,interval,"0,3,1905,1004"
fn_1771404982016.jpg,2026-02-18T08:56:22.047326Z,1771404982016,interval,"0,3,1905,1004"
fn_1771404982241.jpg,2026-02-18T08:56:22.280675Z,1771404982241,interval,"0,3,1905,1004"
fn_1771404982451.jpg,2026-02-18T08:56:22.491788Z,1771404982451,interval,"0,3,1905,1004"
fn_1771404982662.jpg,2026-02-18T08:56:22.736200Z,1771404982662,interval,"0,3,1905,1004"
fn_1771404982862.jpg,2026-02-18T08:56:22.913920Z,1771404982862,interval,"0,3,1905,1004"
fn_1771404983059.jpg,2026-02-18T08:56:23.135574Z,1771404983059,interval,"0,3,1905,1004"
fn_1771404983265.jpg,2026-02-18T08:56:23.305477Z,1771404983265,interval,"0,3,1905,1004"
fn_1771404983456.jpg,2026-02-18T08:56:23.486688Z,1771404983456,interval,"0,3,1905,1004"
fn_1771404983656.jpg,2026-02-18T08:56:23.701428Z,1771404983656,interval,"0,3,1905,1004"
fn_1771404983849.jpg,2026-02-18T08:56:23.899303Z,1771404983849,interval,"0,3,1905,1004"
fn_1771404984068.jpg,2026-02-18T08:56:24.086738Z,1771404984068,interval,"0,3,1905,1004"
fn_1771404984280.jpg,2026-02-18T08:56:24.300713Z,1771404984280,interval,"0,3,1905,1004"
fn_1771404984481.jpg,2026-02-18T08:56:24.497243Z,1771404984481,interval,"0,3,1905,1004"
fn_1771404984696.jpg,2026-02-18T08:56:24.711506Z,1771404984696,interval,"0,3,1905,1004"
fn_1771404984882.jpg,2026-02-18T08:56:24.895863Z,1771404984882,interval,"0,3,1905,1004"
fn_1771404985111.jpg,2026-02-18T08:56:25.131612Z,1771404985111,interval,"0,3,1905,1004"
fn_1771404985311.jpg,2026-02-18T08:56:25.355503Z,1771404985311,interval,"0,3,1905,1004"
fn_1771404985506.jpg,2026-02-18T08:56:25.534271Z,1771404985506,interval,"0,3,1905,1004"
fn_1771404985735.jpg,2026-02-18T08:56:25.754664Z,1771404985735,interval,"0,3,1905,1004"
fn_1771404985925.jpg,2026-02-18T08:56:25.977220Z,1771404985925,interval,"0,3,1905,1004"
fn_1771404986123.jpg,2026-02-18T08:56:26.172729Z,1771404986123,interval,"0,3,1905,1004"
fn_1771404986315.jpg,2026-02-18T08:56:26.328874Z,1771404986315,interval,"0,3,1905,1004"
fn_1771404986517.jpg,2026-02-18T08:56:26.536892Z,1771404986517,interval,"0,3,1905,1004"
fn_1771405050644.jpg,2026-02-18T08:57:30.672981Z,1771405050644,interval,"0,3,1905,1004"
fn_1771405050809.jpg,2026-02-18T08:57:30.830004Z,1771405050809,interval,"0,3,1905,1004"
fn_1771405051035.jpg,2026-02-18T08:57:31.053578Z,1771405051035,interval,"0,3,1905,1004"
fn_1771405051232.jpg,2026-02-18T08:57:31.252660Z,1771405051232,interval,"0,3,1905,1004"
fn_1771405051453.jpg,2026-02-18T08:57:31.481024Z,1771405051453,interval,"0,3,1905,1004"
fn_1771405051671.jpg,2026-02-18T08:57:31.715726Z,1771405051671,interval,"0,3,1905,1004"
fn_1771405051854.jpg,2026-02-18T08:57:31.900449Z,1771405051854,interval,"0,3,1905,1004"
fn_1771405052091.jpg,2026-02-18T08:57:32.139825Z,1771405052091,interval,"0,3,1905,1004"
fn_1771405052277.jpg,2026-02-18T08:57:32.342499Z,1771405052277,interval,"0,3,1905,1004"
fn_1771405052515.jpg,2026-02-18T08:57:32.893488Z,1771405052515,interval,"0,3,1905,1004"
fn_1771405053053.jpg,2026-02-18T08:57:33.183942Z,1771405053053,interval,"0,3,1905,1004"
fn_1771405053267.jpg,2026-02-18T08:57:33.326570Z,1771405053267,interval,"0,3,1905,1004"
fn_1771405053486.jpg,2026-02-18T08:57:33.558450Z,1771405053486,interval,"0,3,1905,1004"
fn_1771405053682.jpg,2026-02-18T08:57:33.734906Z,1771405053682,interval,"0,3,1905,1004"
fn_1771405053885.jpg,2026-02-18T08:57:33.990854Z,1771405053885,interval,"0,3,1905,1004"
fn_1771405054099.jpg,2026-02-18T08:57:34.169770Z,1771405054099,interval,"0,3,1905,1004"
fn_1771405054294.jpg,2026-02-18T08:57:34.437432Z,1771405054294,interval,"0,3,1905,1004"
fn_1771405054535.jpg,2026-02-18T08:57:34.604763Z,1771405054535,interval,"0,3,1905,1004"
fn_1771405054739.jpg,2026-02-18T08:57:34.797129Z,1771405054739,interval,"0,3,1905,1004"
fn_1771405054955.jpg,2026-02-18T08:57:35.057436Z,1771405054955,interval,"0,3,1905,1004"
fn_1771405055145.jpg,2026-02-18T08:57:35.248698Z,1771405055145,interval,"0,3,1905,1004"
fn_1771405055348.jpg,2026-02-18T08:57:35.450554Z,1771405055348,interval,"0,3,1905,1004"
fn_1771405055545.jpg,2026-02-18T08:57:35.610875Z,1771405055545,interval,"0,3,1905,1004"
fn_1771405055784.jpg,2026-02-18T08:57:35.867017Z,1771405055784,interval,"0,3,1905,1004"
fn_1771405055975.jpg,2026-02-18T08:57:36.017485Z,1771405055975,interval,"0,3,1905,1004"
fn_1771405056188.jpg,2026-02-18T08:57:36.275268Z,1771405056188,interval,"0,3,1905,1004"
fn_1771405056390.jpg,2026-02-18T08:57:36.713202Z,1771405056390,interval,"0,3,1905,1004"
fn_1771405056861.jpg,2026-02-18T08:57:37.162892Z,1771405056861,interval,"0,3,1905,1004"
fn_1771405057269.jpg,2026-02-18T08:57:37.381490Z,1771405057269,interval,"0,3,1905,1004"
fn_1771405057509.jpg,2026-02-18T08:57:37.604176Z,1771405057509,interval,"0,3,1905,1004"
fn_1771405057715.jpg,2026-02-18T08:57:37.820879Z,1771405057715,interval,"0,3,1905,1004"
fn_1771405057923.jpg,2026-02-18T08:57:38.320821Z,1771405057923,interval,"0,3,1905,1004"
fn_1771405058496.jpg,2026-02-18T08:57:38.596125Z,1771405058496,interval,"0,3,1905,1004"
fn_1771405058754.jpg,2026-02-18T08:57:38.836464Z,1771405058754,interval,"0,3,1905,1004"
fn_1771405058919.jpg,2026-02-18T08:57:38.989168Z,1771405058919,interval,"0,3,1905,1004"
fn_1771405059129.jpg,2026-02-18T08:57:39.208741Z,1771405059129,interval,"0,3,1905,1004"
fn_1771405059338.jpg,2026-02-18T08:57:39.477434Z,1771405059338,interval,"0,3,1905,1004"
fn_1771405059590.jpg,2026-02-18T08:57:39.668335Z,1771405059590,interval,"0,3,1905,1004"
fn_1771405059785.jpg,2026-02-18T08:57:39.863646Z,1771405059785,interval,"0,3,1905,1004"
fn_1771405060005.jpg,2026-02-18T08:57:40.110533Z,1771405060005,interval,"0,3,1905,1004"
fn_1771405060201.jpg,2026-02-18T08:57:40.243969Z,1771405060201,interval,"0,3,1905,1004"
fn_1771405060407.jpg,2026-02-18T08:57:40.493559Z,1771405060407,interval,"0,3,1905,1004"
fn_1771405060614.jpg,2026-02-18T08:57:40.707655Z,1771405060614,interval,"0,3,1905,1004"
fn_1771405060839.jpg,2026-02-18T08:57:40.971556Z,1771405060839,interval,"0,3,1905,1004"
fn_1771405061094.jpg,2026-02-18T08:57:41.194077Z,1771405061094,interval,"0,3,1905,1004"
fn_1771405061284.jpg,2026-02-18T08:57:41.332479Z,1771405061284,interval,"0,3,1905,1004"
fn_1771405061497.jpg,2026-02-18T08:57:41.558165Z,1771405061497,interval,"0,3,1905,1004"
fn_1771405061704.jpg,2026-02-18T08:57:41.817258Z,1771405061704,interval,"0,3,1905,1004"
fn_1771405061919.jpg,2026-02-18T08:57:41.991517Z,1771405061919,interval,"0,3,1905,1004"
fn_1771405062116.jpg,2026-02-18T08:57:42.203277Z,1771405062116,interval,"0,3,1905,1004"
fn_1771405062324.jpg,2026-02-18T08:57:42.385866Z,1771405062324,interval,"0,3,1905,1004"
fn_1771405062527.jpg,2026-02-18T08:57:42.633994Z,1771405062527,interval,"0,3,1905,1004"
fn_1771405062733.jpg,2026-02-18T08:57:42.837645Z,1771405062733,interval,"0,3,1905,1004"
fn_1771405062933.jpg,2026-02-18T08:57:43.009813Z,1771405062933,interval,"0,3,1905,1004"
fn_1771405063128.jpg,2026-02-18T08:57:43.210692Z,1771405063128,interval,"0,3,1905,1004"
fn_1771405063329.jpg,2026-02-18T08:57:43.468332Z,1771405063329,interval,"0,3,1905,1004"
fn_1771405063543.jpg,2026-02-18T08:57:43.611516Z,1771405063543,interval,"0,3,1905,1004"
fn_1771405063767.jpg,2026-02-18T08:57:43.830893Z,1771405063767,interval,"0,3,1905,1004"
fn_1771405063970.jpg,2026-02-18T08:57:44.087212Z,1771405063970,interval,"0,3,1905,1004"
fn_1771405064180.jpg,2026-02-18T08:57:44.250916Z,1771405064180,interval,"0,3,1905,1004"
fn_1771405064398.jpg,2026-02-18T08:57:44.515982Z,1771405064398,interval,"0,3,1905,1004"
fn_1771405064612.jpg,2026-02-18T08:57:44.697745Z,1771405064612,interval,"0,3,1905,1004"
fn_1771405064810.jpg,2026-02-18T08:57:44.933685Z,1771405064810,interval,"0,3,1905,1004"
fn_1771405065033.jpg,2026-02-18T08:57:45.126578Z,1771405065033,interval,"0,3,1905,1004"
fn_1771405065235.jpg,2026-02-18T08:57:45.305186Z,1771405065235,interval,"0,3,1905,1004"
fn_1771405065420.jpg,2026-02-18T08:57:45.453813Z,1771405065420,interval,"0,3,1905,1004"
fn_1771405065642.jpg,2026-02-18T08:57:45.683392Z,1771405065642,interval,"0,3,1905,1004"
fn_1771405065846.jpg,2026-02-18T08:57:45.888602Z,1771405065846,interval,"0,3,1905,1004"
fn_1771405066043.jpg,2026-02-18T08:57:46.090657Z,1771405066043,interval,"0,3,1905,1004"
fn_1771405066246.jpg,2026-02-18T08:57:46.290866Z,1771405066246,interval,"0,3,1905,1004"
fn_1771405066476.jpg,2026-02-18T08:57:46.517079Z,1771405066476,interval,"0,3,1905,1004"
fn_1771405066661.jpg,2026-02-18T08:57:46.726584Z,1771405066661,interval,"0,3,1905,1004"
fn_1771405066861.jpg,2026-02-18T08:57:46.907097Z,1771405066861,interval,"0,3,1905,1004"
fn_1771405067066.jpg,2026-02-18T08:57:47.119335Z,1771405067066,interval,"0,3,1905,1004"
fn_1771405067281.jpg,2026-02-18T08:57:47.321611Z,1771405067281,interval,"0,3,1905,1004"
fn_1771405067487.jpg,2026-02-18T08:57:47.548932Z,1771405067487,interval,"0,3,1905,1004"
fn_1771405067684.jpg,2026-02-18T08:57:47.719816Z,1771405067684,interval,"0,3,1905,1004"
fn_1771405067873.jpg,2026-02-18T08:57:47.906422Z,1771405067873,interval,"0,3,1905,1004"
fn_1771405068076.jpg,2026-02-18T08:57:48.124405Z,1771405068076,interval,"0,3,1905,1004"
fn_1771405068326.jpg,2026-02-18T08:57:48.513808Z,1771405068326,interval,"0,3,1905,1004"
fn_1771405068639.jpg,2026-02-18T08:57:48.743750Z,1771405068639,interval,"0,3,1905,1004"
fn_1771405068856.jpg,2026-02-18T08:57:49.005317Z,1771405068856,interval,"0,3,1905,1004"
fn_1771405069119.jpg,2026-02-18T08:57:49.193515Z,1771405069119,interval,"0,3,1905,1004"
fn_1771405069302.jpg,2026-02-18T08:57:49.351740Z,1771405069302,interval,"0,3,1905,1004"
fn_1771405069503.jpg,2026-02-18T08:57:49.551170Z,1771405069503,interval,"0,3,1905,1004"
fn_1771405069720.jpg,2026-02-18T08:57:49.854868Z,1771405069720,interval,"0,3,1905,1004"
fn_1771405069967.jpg,2026-02-18T08:57:50.082519Z,1771405069967,interval,"0,3,1905,1004"
fn_1771405070187.jpg,2026-02-18T08:57:50.235114Z,1771405070187,interval,"0,3,1905,1004"
fn_1771405070395.jpg,2026-02-18T08:57:50.528724Z,1771405070395,interval,"0,3,1905,1004"
fn_1771405070685.jpg,2026-02-18T08:57:50.758864Z,1771405070685,interval,"0,3,1905,1004"
fn_1771405070921.jpg,2026-02-18T08:57:51.051210Z,1771405070921,interval,"0,3,1905,1004"
fn_1771405071170.jpg,2026-02-18T08:57:51.251264Z,1771405071170,interval,"0,3,1905,1004"
fn_1771405071385.jpg,2026-02-18T08:57:51.426916Z,1771405071385,interval,"0,3,1905,1004"
fn_1771405071588.jpg,2026-02-18T08:57:51.699450Z,1771405071588,interval,"0,3,1905,1004"
fn_1771405071799.jpg,2026-02-18T08:57:51.893020Z,1771405071799,interval,"0,3,1905,1004"
fn_1771405072010.jpg,2026-02-18T08:57:52.099036Z,1771405072010,interval,"0,3,1905,1004"
fn_1771405072205.jpg,2026-02-18T08:57:52.298626Z,1771405072205,interval,"0,3,1905,1004"
fn_1771405072414.jpg,2026-02-18T08:57:52.473140Z,1771405072414,interval,"0,3,1905,1004"
fn_1771405072640.jpg,2026-02-18T08:57:52.716722Z,1771405072640,interval,"0,3,1905,1004"
fn_1771405072836.jpg,2026-02-18T08:57:52.958768Z,1771405072836,interval,"0,3,1905,1004"
fn_1771405073100.jpg,2026-02-18T08:57:53.271654Z,1771405073100,interval,"0,3,1905,1004"
fn_1771405073439.jpg,2026-02-18T08:57:53.612007Z,1771405073439,interval,"0,3,1905,1004"
fn_1771405073761.jpg,2026-02-18T08:57:53.939939Z,1771405073761,interval,"0,3,1905,1004"
fn_1771405074101.jpg,2026-02-18T08:57:54.236000Z,1771405074101,interval,"0,3,1905,1004"
fn_1771405074372.jpg,2026-02-18T08:57:54.505685Z,1771405074372,interval,"0,3,1905,1004"
fn_1771405074705.jpg,2026-02-18T08:57:54.886014Z,1771405074705,interval,"0,3,1905,1004"
fn_1771405075048.jpg,2026-02-18T08:57:55.183942Z,1771405075048,interval,"0,3,1905,1004"
fn_1771405075314.jpg,2026-02-18T08:57:55.360166Z,1771405075314,interval,"0,3,1905,1004"
fn_1771405075591.jpg,2026-02-18T08:57:55.723864Z,1771405075591,interval,"0,3,1905,1004"
fn_1771405075854.jpg,2026-02-18T08:57:55.968131Z,1771405075854,interval,"0,3,1905,1004"
fn_1771405076064.jpg,2026-02-18T08:57:56.175225Z,1771405076064,interval,"0,3,1905,1004"
fn_1771405076304.jpg,2026-02-18T08:57:56.408923Z,1771405076304,interval,"0,3,1905,1004"
fn_1771405076539.jpg,2026-02-18T08:57:56.658768Z,1771405076539,interval,"0,3,1905,1004"
fn_1771405076800.jpg,2026-02-18T08:57:56.922609Z,1771405076800,interval,"0,3,1905,1004"
fn_1771405077040.jpg,2026-02-18T08:57:57.105290Z,1771405077040,interval,"0,3,1905,1004"
fn_1771405077219.jpg,2026-02-18T08:57:57.274132Z,1771405077219,interval,"0,3,1905,1004"
fn_1771405077464.jpg,2026-02-18T08:57:57.520465Z,1771405077464,interval,"0,3,1905,1004"
fn_1771405077645.jpg,2026-02-18T08:57:57.688716Z,1771405077645,interval,"0,3,1905,1004"
fn_1771405077856.jpg,2026-02-18T08:57:57.899990Z,1771405077856,interval,"0,3,1905,1004"
fn_1771405078057.jpg,2026-02-18T08:57:58.124849Z,1771405078057,interval,"0,3,1905,1004"
fn_1771405078297.jpg,2026-02-18T08:57:58.367207Z,1771405078297,interval,"0,3,1905,1004"
fn_1771405078521.jpg,2026-02-18T08:57:58.685179Z,1771405078521,interval,"0,3,1905,1004"
fn_1771405078807.jpg,2026-02-18T08:57:58.968823Z,1771405078807,interval,"0,3,1905,1004"
fn_1771405079109.jpg,2026-02-18T08:57:59.261663Z,1771405079109,interval,"0,3,1905,1004"
fn_1771405079430.jpg,2026-02-18T08:57:59.639760Z,1771405079430,interval,"0,3,1905,1004"
fn_1771405079751.jpg,2026-02-18T08:57:59.831688Z,1771405079751,interval,"0,3,1905,1004"
fn_1771405079985.jpg,2026-02-18T08:58:00.221016Z,1771405079985,interval,"0,3,1905,1004"
fn_1771405080343.jpg,2026-02-18T08:58:00.430956Z,1771405080343,interval,"0,3,1905,1004"
fn_1771405080541.jpg,2026-02-18T08:58:00.642677Z,1771405080541,interval,"0,3,1905,1004"
fn_1771405080725.jpg,2026-02-18T08:58:00.765598Z,1771405080725,interval,"0,3,1905,1004"
fn_1771405080968.jpg,2026-02-18T08:58:01.022760Z,1771405080968,interval,"0,3,1905,1004"
fn_1771405081200.jpg,2026-02-18T08:58:01.280342Z,1771405081200,interval,"0,3,1905,1004"
fn_1771405081372.jpg,2026-02-18T08:58:01.447334Z,1771405081372,interval,"0,3,1905,1004"
fn_1771405081584.jpg,2026-02-18T08:58:01.688969Z,1771405081584,interval,"0,3,1905,1004"
fn_1771405081789.jpg,2026-02-18T08:58:01.850761Z,1771405081789,interval,"0,3,1905,1004"
fn_1771405081992.jpg,2026-02-18T08:58:02.035335Z,1771405081992,interval,"0,3,1905,1004"
fn_1771405082225.jpg,2026-02-18T08:58:02.319165Z,1771405082225,interval,"0,3,1905,1004"
fn_1771405082430.jpg,2026-02-18T08:58:02.481596Z,1771405082430,interval,"0,3,1905,1004"
fn_1771405082633.jpg,2026-02-18T08:58:02.707413Z,1771405082633,interval,"0,3,1905,1004"
fn_1771405082841.jpg,2026-02-18T08:58:02.903849Z,1771405082841,interval,"0,3,1905,1004"
fn_1771405083033.jpg,2026-02-18T08:58:03.080684Z,1771405083033,interval,"0,3,1905,1004"
fn_1771405083242.jpg,2026-02-18T08:58:03.299406Z,1771405083242,interval,"0,3,1905,1004"
fn_1771405083478.jpg,2026-02-18T08:58:03.585234Z,1771405083478,interval,"0,3,1905,1004"
fn_1771405083730.jpg,2026-02-18T08:58:03.873781Z,1771405083730,interval,"0,3,1905,1004"
fn_1771405084010.jpg,2026-02-18T08:58:04.094083Z,1771405084010,interval,"0,3,1905,1004"
fn_1771405084185.jpg,2026-02-18T08:58:04.235457Z,1771405084185,interval,"0,3,1905,1004"
fn_1771405084409.jpg,2026-02-18T08:58:04.559475Z,1771405084409,interval,"0,3,1905,1004"
fn_1771405084676.jpg,2026-02-18T08:58:04.791739Z,1771405084676,interval,"0,3,1905,1004"
fn_1771405084927.jpg,2026-02-18T08:58:05.003574Z,1771405084927,interval,"0,3,1905,1004"
fn_1771405085093.jpg,2026-02-18T08:58:05.164484Z,1771405085093,interval,"0,3,1905,1004"
fn_1771405085313.jpg,2026-02-18T08:58:05.433078Z,1771405085313,interval,"0,3,1905,1004"
fn_1771405085563.jpg,2026-02-18T08:58:05.709437Z,1771405085563,interval,"0,3,1905,1004"
fn_1771405085809.jpg,2026-02-18T08:58:05.921349Z,1771405085809,interval,"0,3,1905,1004"
fn_1771405086056.jpg,2026-02-18T08:58:06.121239Z,1771405086056,interval,"0,3,1905,1004"
fn_1771405086248.jpg,2026-02-18T08:58:06.333368Z,1771405086248,interval,"0,3,1905,1004"
fn_1771405086466.jpg,2026-02-18T08:58:06.559415Z,1771405086466,interval,"0,3,1905,1004"
fn_1771405086690.jpg,2026-02-18T08:58:06.740326Z,1771405086690,interval,"0,3,1905,1004"
fn_1771405086868.jpg,2026-02-18T08:58:06.930405Z,1771405086868,interval,"0,3,1905,1004"
fn_1771405087059.jpg,2026-02-18T08:58:07.123327Z,1771405087059,interval,"0,3,1905,1004"
fn_1771405087267.jpg,2026-02-18T08:58:07.356574Z,1771405087267,interval,"0,3,1905,1004"
fn_1771405087481.jpg,2026-02-18T08:58:07.576123Z,1771405087481,interval,"0,3,1905,1004"
fn_1771405087709.jpg,2026-02-18T08:58:07.850473Z,1771405087709,interval,"0,3,1905,1004"
fn_1771405087938.jpg,2026-02-18T08:58:08.100379Z,1771405087938,interval,"0,3,1905,1004"
fn_1771405088203.jpg,2026-02-18T08:58:08.265939Z,1771405088203,interval,"0,3,1905,1004"
fn_1771405088411.jpg,2026-02-18T08:58:08.493134Z,1771405088411,interval,"0,3,1905,1004"
fn_1771405088629.jpg,2026-02-18T08:58:08.804545Z,1771405088629,interval,"0,3,1905,1004"
fn_1771405088944.jpg,2026-02-18T08:58:09.050433Z,1771405088944,interval,"0,3,1905,1004"
fn_1771405089151.jpg,2026-02-18T08:58:09.265067Z,1771405089151,interval,"0,3,1905,1004"
fn_1771405089355.jpg,2026-02-18T08:58:09.401500Z,1771405089355,interval,"0,3,1905,1004"
fn_1771405089553.jpg,2026-02-18T08:58:09.635093Z,1771405089553,interval,"0,3,1905,1004"
fn_1771405089775.jpg,2026-02-18T08:58:09.866078Z,1771405089775,interval,"0,3,1905,1004"
fn_1771405089969.jpg,2026-02-18T08:58:10.008402Z,1771405089969,interval,"0,3,1905,1004"
fn_1771405090160.jpg,2026-02-18T08:58:10.191700Z,1771405090160,interval,"0,3,1905,1004"
fn_1771405090372.jpg,2026-02-18T08:58:10.406061Z,1771405090372,interval,"0,3,1905,1004"
fn_1771405090611.jpg,2026-02-18T08:58:10.658897Z,1771405090611,interval,"0,3,1905,1004"
fn_1771405090826.jpg,2026-02-18T08:58:10.904810Z,1771405090826,interval,"0,3,1905,1004"
fn_1771405090998.jpg,2026-02-18T08:58:11.054864Z,1771405090998,interval,"0,3,1905,1004"
fn_1771405091204.jpg,2026-02-18T08:58:11.245013Z,1771405091204,interval,"0,3,1905,1004"
fn_1771405091416.jpg,2026-02-18T08:58:11.451532Z,1771405091416,interval,"0,3,1905,1004"
fn_1771405091622.jpg,2026-02-18T08:58:11.684487Z,1771405091622,interval,"0,3,1905,1004"
fn_1771405091878.jpg,2026-02-18T08:58:11.951396Z,1771405091878,interval,"0,3,1905,1004"
fn_1771405092068.jpg,2026-02-18T08:58:12.125470Z,1771405092068,interval,"0,3,1905,1004"
fn_1771405092259.jpg,2026-02-18T08:58:12.280974Z,1771405092259,interval,"0,3,1905,1004"
fn_1771405092479.jpg,2026-02-18T08:58:12.518652Z,1771405092479,interval,"0,3,1905,1004"
fn_1771405092683.jpg,2026-02-18T08:58:12.750993Z,1771405092683,interval,"0,3,1905,1004"
fn_1771405092883.jpg,2026-02-18T08:58:12.951461Z,1771405092883,interval,"0,3,1905,1004"
fn_1771405093083.jpg,2026-02-18T08:58:13.121515Z,1771405093083,interval,"0,3,1905,1004"
fn_1771405093288.jpg,2026-02-18T08:58:13.327817Z,1771405093288,interval,"0,3,1905,1004"
fn_1771405093482.jpg,2026-02-18T08:58:13.496437Z,1771405093482,interval,"0,3,1905,1004"
fn_1771405093667.jpg,2026-02-18T08:58:13.677566Z,1771405093667,interval,"0,3,1905,1004"
fn_1771405093885.jpg,2026-02-18T08:58:13.894286Z,1771405093885,interval,"0,3,1905,1004"
fn_1771405094097.jpg,2026-02-18T08:58:14.108994Z,1771405094097,interval,"0,3,1905,1004"
fn_1771405094279.jpg,2026-02-18T08:58:14.320169Z,1771405094279,interval,"0,3,1905,1004"
fn_1771405094494.jpg,2026-02-18T08:58:14.506952Z,1771405094494,interval,"0,3,1905,1004"
fn_1771405094697.jpg,2026-02-18T08:58:14.706678Z,1771405094697,interval,"0,3,1905,1004"
fn_1771405094893.jpg,2026-02-18T08:58:14.905851Z,1771405094893,interval,"0,3,1905,1004"
fn_1771405095113.jpg,2026-02-18T08:58:15.125084Z,1771405095113,interval,"0,3,1905,1004"
fn_1771405095322.jpg,2026-02-18T08:58:15.333885Z,1771405095322,interval,"0,3,1905,1004"
fn_1771405752121.jpg,2026-02-18T09:09:12.134841Z,1771405752121,interval,"0,3,1905,1004"
fn_1771405752327.jpg,2026-02-18T09:09:12.340043Z,1771405752327,interval,"0,3,1905,1004"
fn_1771405752526.jpg,2026-02-18T09:09:12.540480Z,1771405752526,interval,"0,3,1905,1004"
fn_1771405752730.jpg,2026-02-18T09:09:12.745850Z,1771405752730,interval,"0,3,1905,1004"
fn_1771405752928.jpg,2026-02-18T09:09:12.942278Z,1771405752928,interval,"0,3,1905,1004"
fn_1771405753145.jpg,2026-02-18T09:09:13.164770Z,1771405753145,interval,"0,3,1905,1004"
fn_1771405753354.jpg,2026-02-18T09:09:13.375215Z,1771405753354,interval,"0,3,1905,1004"
fn_1771405753539.jpg,2026-02-18T09:09:13.552976Z,1771405753539,interval,"0,3,1905,1004"
fn_1771405753781.jpg,2026-02-18T09:09:13.812553Z,1771405753781,interval,"0,3,1905,1004"
fn_1771405754010.jpg,2026-02-18T09:09:14.051195Z,1771405754010,interval,"0,3,1905,1004"
fn_1771405754199.jpg,2026-02-18T09:09:14.243673Z,1771405754199,interval,"0,3,1905,1004"
fn_1771405754424.jpg,2026-02-18T09:09:14.450834Z,1771405754424,interval,"0,3,1905,1004"
fn_1771405754610.jpg,2026-02-18T09:09:14.659698Z,1771405754610,interval,"0,3,1905,1004"
fn_1771405754816.jpg,2026-02-18T09:09:14.844568Z,1771405754816,interval,"0,3,1905,1004"
fn_1771405755031.jpg,2026-02-18T09:09:15.075335Z,1771405755031,interval,"0,3,1905,1004"
fn_1771405755237.jpg,2026-02-18T09:09:15.265143Z,1771405755237,interval,"0,3,1905,1004"
fn_1771405755514.jpg,2026-02-18T09:09:15.594649Z,1771405755514,interval,"0,3,1905,1004"
fn_1771405755693.jpg,2026-02-18T09:09:15.759799Z,1771405755693,interval,"0,3,1905,1004"
fn_1771405755900.jpg,2026-02-18T09:09:15.963628Z,1771405755900,interval,"0,3,1905,1004"
fn_1771405756113.jpg,2026-02-18T09:09:16.170264Z,1771405756113,interval,"0,3,1905,1004"
fn_1771405756319.jpg,2026-02-18T09:09:16.348535Z,1771405756319,interval,"0,3,1905,1004"
fn_1771405756554.jpg,2026-02-18T09:09:16.656203Z,1771405756554,interval,"0,3,1905,1004"
fn_1771405756770.jpg,2026-02-18T09:09:16.859300Z,1771405756770,interval,"0,3,1905,1004"
fn_1771405756955.jpg,2026-02-18T09:09:17.003594Z,1771405756955,interval,"0,3,1905,1004"
fn_1771405757177.jpg,2026-02-18T09:09:17.225843Z,1771405757177,interval,"0,3,1905,1004"
fn_1771405757350.jpg,2026-02-18T09:09:17.407096Z,1771405757350,interval,"0,3,1905,1004"
fn_1771405757565.jpg,2026-02-18T09:09:17.625705Z,1771405757565,interval,"0,3,1905,1004"
fn_1771405757776.jpg,2026-02-18T09:09:17.871663Z,1771405757776,interval,"0,3,1905,1004"
fn_1771405757995.jpg,2026-02-18T09:09:18.050826Z,1771405757995,interval,"0,3,1905,1004"
fn_1771405758196.jpg,2026-02-18T09:09:18.239987Z,1771405758196,interval,"0,3,1905,1004"
fn_1771405758421.jpg,2026-02-18T09:09:18.473322Z,1771405758421,interval,"0,3,1905,1004"
fn_1771405758623.jpg,2026-02-18T09:09:18.703372Z,1771405758623,interval,"0,3,1905,1004"
fn_1771405758836.jpg,2026-02-18T09:09:18.907907Z,1771405758836,interval,"0,3,1905,1004"
fn_1771405759009.jpg,2026-02-18T09:09:19.027998Z,1771405759009,interval,"0,3,1905,1004"
fn_1771405759186.jpg,2026-02-18T09:09:19.203398Z,1771405759186,interval,"0,3,1905,1004"
fn_1771405759403.jpg,2026-02-18T09:09:19.421521Z,1771405759403,interval,"0,3,1905,1004"
fn_1771405759643.jpg,2026-02-18T09:09:19.678367Z,1771405759643,interval,"0,3,1905,1004"
fn_1771405759832.jpg,2026-02-18T09:09:19.885113Z,1771405759832,interval,"0,3,1905,1004"
fn_1771405760033.jpg,2026-02-18T09:09:20.079853Z,1771405760033,interval,"0,3,1905,1004"
fn_1771405760227.jpg,2026-02-18T09:09:20.246201Z,1771405760227,interval,"0,3,1905,1004"
fn_1771405760451.jpg,2026-02-18T09:09:20.484893Z,1771405760451,interval,"0,3,1905,1004"
fn_1771405760665.jpg,2026-02-18T09:09:20.692824Z,1771405760665,interval,"0,3,1905,1004"
fn_1771405760850.jpg,2026-02-18T09:09:20.864908Z,1771405760850,interval,"0,3,1905,1004"
fn_1771406158954.jpg,2026-02-18T09:15:58.965695Z,1771406158954,interval,"0,3,1905,1004"
fn_1771406159138.jpg,2026-02-18T09:15:59.153111Z,1771406159138,interval,"0,3,1905,1004"
fn_1771406159337.jpg,2026-02-18T09:15:59.385203Z,1771406159337,interval,"0,3,1905,1004"
fn_1771406159558.jpg,2026-02-18T09:15:59.568822Z,1771406159558,interval,"0,3,1905,1004"
fn_1771406159757.jpg,2026-02-18T09:15:59.770851Z,1771406159757,interval,"0,3,1905,1004"
fn_1771406159956.jpg,2026-02-18T09:15:59.973743Z,1771406159956,interval,"0,3,1905,1004"
fn_1771406160187.jpg,2026-02-18T09:16:00.238019Z,1771406160187,interval,"0,3,1905,1004"
fn_1771406160386.jpg,2026-02-18T09:16:00.409137Z,1771406160386,interval,"0,3,1905,1004"
fn_1771406160581.jpg,2026-02-18T09:16:00.601202Z,1771406160581,interval,"0,3,1905,1004"
fn_1771406160783.jpg,2026-02-18T09:16:00.804661Z,1771406160783,interval,"0,3,1905,1004"
fn_1771406160981.jpg,2026-02-18T09:16:01.012967Z,1771406160981,interval,"0,3,1905,1004"
fn_1771406161194.jpg,2026-02-18T09:16:01.256508Z,1771406161194,interval,"0,3,1905,1004"
fn_1771406161411.jpg,2026-02-18T09:16:01.435895Z,1771406161411,interval,"0,3,1905,1004"
fn_1771406161590.jpg,2026-02-18T09:16:01.614194Z,1771406161590,interval,"0,3,1905,1004"
fn_1771406161813.jpg,2026-02-18T09:16:01.830718Z,1771406161813,interval,"0,3,1905,1004"
fn_1771406162009.jpg,2026-02-18T09:16:02.027708Z,1771406162009,interval,"0,3,1905,1004"
fn_1771406162230.jpg,2026-02-18T09:16:02.246503Z,1771406162230,interval,"0,3,1905,1004"
fn_1771406162427.jpg,2026-02-18T09:16:02.446652Z,1771406162427,interval,"0,3,1905,1004"
fn_1771406162627.jpg,2026-02-18T09:16:02.648984Z,1771406162627,interval,"0,3,1905,1004"
fn_1771406162832.jpg,2026-02-18T09:16:02.859922Z,1771406162832,interval,"0,3,1905,1004"
fn_1771406163032.jpg,2026-02-18T09:16:03.052079Z,1771406163032,interval,"0,3,1905,1004"
fn_1771406163228.jpg,2026-02-18T09:16:03.245783Z,1771406163228,interval,"0,3,1905,1004"
fn_1771406163447.jpg,2026-02-18T09:16:03.463935Z,1771406163447,interval,"0,3,1905,1004"
fn_1771406163648.jpg,2026-02-18T09:16:03.694068Z,1771406163648,interval,"0,3,1905,1004"
fn_1771406163861.jpg,2026-02-18T09:16:03.880613Z,1771406163861,interval,"0,3,1905,1004"
fn_1771406164063.jpg,2026-02-18T09:16:04.080977Z,1771406164063,interval,"0,3,1905,1004"
fn_1771406164264.jpg,2026-02-18T09:16:04.308861Z,1771406164264,interval,"0,3,1905,1004"
fn_1771406164482.jpg,2026-02-18T09:16:04.531133Z,1771406164482,interval,"0,3,1905,1004"
fn_1771406164681.jpg,2026-02-18T09:16:04.698635Z,1771406164681,interval,"0,3,1905,1004"
fn_1771406164878.jpg,2026-02-18T09:16:04.898023Z,1771406164878,interval,"0,3,1905,1004"
fn_1771406165090.jpg,2026-02-18T09:16:05.110524Z,1771406165090,interval,"0,3,1905,1004"
fn_1771406165298.jpg,2026-02-18T09:16:05.317293Z,1771406165298,interval,"0,3,1905,1004"
fn_1771406165491.jpg,2026-02-18T09:16:05.508257Z,1771406165491,interval,"0,3,1905,1004"
fn_1771406165699.jpg,2026-02-18T09:16:05.748522Z,1771406165699,interval,"0,3,1905,1004"
fn_1771406165910.jpg,2026-02-18T09:16:05.928060Z,1771406165910,interval,"0,3,1905,1004"
fn_1771406166110.jpg,2026-02-18T09:16:06.129539Z,1771406166110,interval,"0,3,1905,1004"
fn_1771406166310.jpg,2026-02-18T09:16:06.357162Z,1771406166310,interval,"0,3,1905,1004"
fn_1771406166514.jpg,2026-02-18T09:16:06.532105Z,1771406166514,interval,"0,3,1905,1004"
fn_1771406166729.jpg,2026-02-18T09:16:06.746245Z,1771406166729,interval,"0,3,1905,1004"
fn_1771406166926.jpg,2026-02-18T09:16:06.942680Z,1771406166926,interval,"0,3,1905,1004"
fn_1771406167148.jpg,2026-02-18T09:16:07.196015Z,1771406167148,interval,"0,3,1905,1004"
fn_1771406167342.jpg,2026-02-18T09:16:07.362614Z,1771406167342,interval,"0,3,1905,1004"
fn_1771406167548.jpg,2026-02-18T09:16:07.565876Z,1771406167548,interval,"0,3,1905,1004"
fn_1771406167748.jpg,2026-02-18T09:16:07.772797Z,1771406167748,interval,"0,3,1905,1004"
fn_1771406167963.jpg,2026-02-18T09:16:08.010354Z,1771406167963,interval,"0,3,1905,1004"
fn_1771406168161.jpg,2026-02-18T09:16:08.181032Z,1771406168161,interval,"0,3,1905,1004"
fn_1771406168363.jpg,2026-02-18T09:16:08.380041Z,1771406168363,interval,"0,3,1905,1004"
fn_1771406168578.jpg,2026-02-18T09:16:08.596563Z,1771406168578,interval,"0,3,1905,1004"
fn_1771406168775.jpg,2026-02-18T09:16:08.836548Z,1771406168775,interval,"0,3,1905,1004"
fn_1771406168990.jpg,2026-02-18T09:16:09.010018Z,1771406168990,interval,"0,3,1905,1004"
fn_1771406169193.jpg,2026-02-18T09:16:09.224060Z,1771406169193,interval,"0,3,1905,1004"
fn_1771406169395.jpg,2026-02-18T09:16:09.413411Z,1771406169395,interval,"0,3,1905,1004"
fn_1771406169613.jpg,2026-02-18T09:16:09.660358Z,1771406169613,interval,"0,3,1905,1004"
fn_1771406169810.jpg,2026-02-18T09:16:09.837991Z,1771406169810,interval,"0,3,1905,1004"
fn_1771406170024.jpg,2026-02-18T09:16:10.074867Z,1771406170024,interval,"0,3,1905,1004"
fn_1771406170230.jpg,2026-02-18T09:16:10.277622Z,1771406170230,interval,"0,3,1905,1004"
fn_1771406170428.jpg,2026-02-18T09:16:10.445339Z,1771406170428,interval,"0,3,1905,1004"
fn_1771406170647.jpg,2026-02-18T09:16:10.663724Z,1771406170647,interval,"0,3,1905,1004"
fn_1771406170847.jpg,2026-02-18T09:16:10.864662Z,1771406170847,interval,"0,3,1905,1004"
fn_1771406171049.jpg,2026-02-18T09:16:11.065590Z,1771406171049,interval,"0,3,1905,1004"
fn_1771406171246.jpg,2026-02-18T09:16:11.261265Z,1771406171246,interval,"0,3,1905,1004"
fn_1771406171463.jpg,2026-02-18T09:16:11.480621Z,1771406171463,interval,"0,3,1905,1004"
fn_1771406171664.jpg,2026-02-18T09:16:11.710646Z,1771406171664,interval,"0,3,1905,1004"
fn_1771406171862.jpg,2026-02-18T09:16:11.881107Z,1771406171862,interval,"0,3,1905,1004"
fn_1771406172060.jpg,2026-02-18T09:16:12.208258Z,1771406172060,interval,"0,3,1905,1004"
fn_1771406172263.jpg,2026-02-18T09:16:12.283446Z,1771406172263,interval,"0,3,1905,1004"
fn_1771406172479.jpg,2026-02-18T09:16:12.528931Z,1771406172479,interval,"0,3,1905,1004"
fn_1771406172678.jpg,2026-02-18T09:16:12.696887Z,1771406172678,interval,"0,3,1905,1004"
fn_1771406172894.jpg,2026-02-18T09:16:12.914501Z,1771406172894,interval,"0,3,1905,1004"
fn_1771406173100.jpg,2026-02-18T09:16:13.152731Z,1771406173100,interval,"0,3,1905,1004"
fn_1771406173315.jpg,2026-02-18T09:16:13.334667Z,1771406173315,interval,"0,3,1905,1004"
fn_1771406173515.jpg,2026-02-18T09:16:13.529491Z,1771406173515,interval,"0,3,1905,1004"
fn_1771406173711.jpg,2026-02-18T09:16:13.729652Z,1771406173711,interval,"0,3,1905,1004"
fn_1771406173908.jpg,2026-02-18T09:16:13.929749Z,1771406173908,interval,"0,3,1905,1004"
fn_1771406174131.jpg,2026-02-18T09:16:14.148134Z,1771406174131,interval,"0,3,1905,1004"
fn_1771406174329.jpg,2026-02-18T09:16:14.346296Z,1771406174329,interval,"0,3,1905,1004"
fn_1771406174548.jpg,2026-02-18T09:16:14.567644Z,1771406174548,interval,"0,3,1905,1004"
fn_1771406174750.jpg,2026-02-18T09:16:14.772071Z,1771406174750,interval,"0,3,1905,1004"
fn_1771406174968.jpg,2026-02-18T09:16:14.987162Z,1771406174968,interval,"0,3,1905,1004"
fn_1771406175160.jpg,2026-02-18T09:16:15.179654Z,1771406175160,interval,"0,3,1905,1004"
fn_1771406175363.jpg,2026-02-18T09:16:15.382353Z,1771406175363,interval,"0,3,1905,1004"
fn_1771406175563.jpg,2026-02-18T09:16:15.583989Z,1771406175563,interval,"0,3,1905,1004"
fn_1771406175765.jpg,2026-02-18T09:16:15.786695Z,1771406175765,interval,"0,3,1905,1004"
fn_1771406175979.jpg,2026-02-18T09:16:16.001069Z,1771406175979,interval,"0,3,1905,1004"
fn_1771406176180.jpg,2026-02-18T09:16:16.198750Z,1771406176180,interval,"0,3,1905,1004"
fn_1771406176382.jpg,2026-02-18T09:16:16.398908Z,1771406176382,interval,"0,3,1905,1004"
fn_1771406176596.jpg,2026-02-18T09:16:16.632208Z,1771406176596,interval,"0,3,1905,1004"
fn_1771406176798.jpg,2026-02-18T09:16:16.817892Z,1771406176798,interval,"0,3,1905,1004"
fn_1771406176995.jpg,2026-02-18T09:16:17.014082Z,1771406176995,interval,"0,3,1905,1004"
fn_1771406177213.jpg,2026-02-18T09:16:17.230005Z,1771406177213,interval,"0,3,1905,1004"
fn_1771406177414.jpg,2026-02-18T09:16:17.432470Z,1771406177414,interval,"0,3,1905,1004"
fn_1771406177608.jpg,2026-02-18T09:16:17.655498Z,1771406177608,interval,"0,3,1905,1004"
fn_1771406177815.jpg,2026-02-18T09:16:17.831945Z,1771406177815,interval,"0,3,1905,1004"
fn_1771406178030.jpg,2026-02-18T09:16:18.049963Z,1771406178030,interval,"0,3,1905,1004"
fn_1771406178230.jpg,2026-02-18T09:16:18.280189Z,1771406178230,interval,"0,3,1905,1004"
fn_1771406178456.jpg,2026-02-18T09:16:18.476718Z,1771406178456,interval,"0,3,1905,1004"
fn_1771406178648.jpg,2026-02-18T09:16:18.695488Z,1771406178648,interval,"0,3,1905,1004"
fn_1771406178865.jpg,2026-02-18T09:16:18.892331Z,1771406178865,interval,"0,3,1905,1004"
fn_1771406179072.jpg,2026-02-18T09:16:19.117295Z,1771406179072,interval,"0,3,1905,1004"
fn_1771406179281.jpg,2026-02-18T09:16:19.305920Z,1771406179281,interval,"0,3,1905,1004"
fn_1771406179497.jpg,2026-02-18T09:16:19.548890Z,1771406179497,interval,"0,3,1905,1004"
fn_1771406179681.jpg,2026-02-18T09:16:19.699987Z,1771406179681,interval,"0,3,1905,1004"
fn_1771406179883.jpg,2026-02-18T09:16:19.902863Z,1771406179883,interval,"0,3,1905,1004"
fn_1771406180109.jpg,2026-02-18T09:16:20.156429Z,1771406180109,interval,"0,3,1905,1004"
fn_1771406180304.jpg,2026-02-18T09:16:20.352943Z,1771406180304,interval,"0,3,1905,1004"
fn_1771406180518.jpg,2026-02-18T09:16:20.541016Z,1771406180518,interval,"0,3,1905,1004"
fn_1771406180720.jpg,2026-02-18T09:16:20.744222Z,1771406180720,interval,"0,3,1905,1004"
fn_1771406180924.jpg,2026-02-18T09:16:20.947373Z,1771406180924,interval,"0,3,1905,1004"
fn_1771406181128.jpg,2026-02-18T09:16:21.188743Z,1771406181128,interval,"0,3,1905,1004"
fn_1771406181342.jpg,2026-02-18T09:16:21.386732Z,1771406181342,interval,"0,3,1905,1004"
fn_1771406181540.jpg,2026-02-18T09:16:21.565212Z,1771406181540,interval,"0,3,1905,1004"
fn_1771406181740.jpg,2026-02-18T09:16:21.762346Z,1771406181740,interval,"0,3,1905,1004"
fn_1771406181949.jpg,2026-02-18T09:16:21.969348Z,1771406181949,interval,"0,3,1905,1004"
fn_1771406182154.jpg,2026-02-18T09:16:22.208119Z,1771406182154,interval,"0,3,1905,1004"
fn_1771406182379.jpg,2026-02-18T09:16:22.432332Z,1771406182379,interval,"0,3,1905,1004"
fn_1771406182571.jpg,2026-02-18T09:16:22.591347Z,1771406182571,interval,"0,3,1905,1004"
fn_1771406182769.jpg,2026-02-18T09:16:22.820336Z,1771406182769,interval,"0,3,1905,1004"
fn_1771406182975.jpg,2026-02-18T09:16:23.022706Z,1771406182975,interval,"0,3,1905,1004"
fn_1771406183170.jpg,2026-02-18T09:16:23.219905Z,1771406183170,interval,"0,3,1905,1004"
fn_1771406183397.jpg,2026-02-18T09:16:23.423731Z,1771406183397,interval,"0,3,1905,1004"
fn_1771406183592.jpg,2026-02-18T09:16:23.642768Z,1771406183592,interval,"0,3,1905,1004"
fn_1771406183786.jpg,2026-02-18T09:16:23.832015Z,1771406183786,interval,"0,3,1905,1004"
fn_1771406184001.jpg,2026-02-18T09:16:24.055922Z,1771406184001,interval,"0,3,1905,1004"
fn_1771406184193.jpg,2026-02-18T09:16:24.241196Z,1771406184193,interval,"0,3,1905,1004"
fn_1771406184411.jpg,2026-02-18T09:16:24.463149Z,1771406184411,interval,"0,3,1905,1004"
fn_1771406184617.jpg,2026-02-18T09:16:24.669216Z,1771406184617,interval,"0,3,1905,1004"
fn_1771406184802.jpg,2026-02-18T09:16:24.857533Z,1771406184802,interval,"0,3,1905,1004"
fn_1771406185044.jpg,2026-02-18T09:16:25.079449Z,1771406185044,interval,"0,3,1905,1004"
fn_1771406185224.jpg,2026-02-18T09:16:25.279268Z,1771406185224,interval,"0,3,1905,1004"
fn_1771406185425.jpg,2026-02-18T09:16:25.445859Z,1771406185425,interval,"0,3,1905,1004"
fn_1771406185639.jpg,2026-02-18T09:16:25.674266Z,1771406185639,interval,"0,3,1905,1004"
fn_1771406185846.jpg,2026-02-18T09:16:25.878734Z,1771406185846,interval,"0,3,1905,1004"
fn_1771406186060.jpg,2026-02-18T09:16:26.092728Z,1771406186060,interval,"0,3,1905,1004"
fn_1771406186243.jpg,2026-02-18T09:16:26.304712Z,1771406186243,interval,"0,3,1905,1004"
fn_1771406186448.jpg,2026-02-18T09:16:26.467071Z,1771406186448,interval,"0,3,1905,1004"
fn_1771406186660.jpg,2026-02-18T09:16:26.691176Z,1771406186660,interval,"0,3,1905,1004"
fn_1771406186874.jpg,2026-02-18T09:16:26.904196Z,1771406186874,interval,"0,3,1905,1004"
fn_1771406187084.jpg,2026-02-18T09:16:27.117354Z,1771406187084,interval,"0,3,1905,1004"
fn_1771406187274.jpg,2026-02-18T09:16:27.326113Z,1771406187274,interval,"0,3,1905,1004"
fn_1771406187489.jpg,2026-02-18T09:16:27.510837Z,1771406187489,interval,"0,3,1905,1004"
fn_1771406187681.jpg,2026-02-18T09:16:27.740849Z,1771406187681,interval,"0,3,1905,1004"
fn_1771406187891.jpg,2026-02-18T09:16:27.913286Z,1771406187891,interval,"0,3,1905,1004"
fn_1771406188085.jpg,2026-02-18T09:16:28.136259Z,1771406188085,interval,"0,3,1905,1004"
fn_1771406188285.jpg,2026-02-18T09:16:28.303258Z,1771406188285,interval,"0,3,1905,1004"
fn_1771406188505.jpg,2026-02-18T09:16:28.531962Z,1771406188505,interval,"0,3,1905,1004"
fn_1771406188709.jpg,2026-02-18T09:16:28.775570Z,1771406188709,interval,"0,3,1905,1004"
fn_1771406188910.jpg,2026-02-18T09:16:28.930843Z,1771406188910,interval,"0,3,1905,1004"
fn_1771406189122.jpg,2026-02-18T09:16:29.139665Z,1771406189122,interval,"0,3,1905,1004"
fn_1771406189320.jpg,2026-02-18T09:16:29.339625Z,1771406189320,interval,"0,3,1905,1004"
fn_1771406189540.jpg,2026-02-18T09:16:29.590042Z,1771406189540,interval,"0,3,1905,1004"
fn_1771406189741.jpg,2026-02-18T09:16:29.771306Z,1771406189741,interval,"0,3,1905,1004"
fn_1771406189954.jpg,2026-02-18T09:16:30.009876Z,1771406189954,interval,"0,3,1905,1004"
fn_1771406190152.jpg,2026-02-18T09:16:30.174425Z,1771406190152,interval,"0,3,1905,1004"
fn_1771406190355.jpg,2026-02-18T09:16:30.372657Z,1771406190355,interval,"0,3,1905,1004"
fn_1771406190558.jpg,2026-02-18T09:16:30.578197Z,1771406190558,interval,"0,3,1905,1004"
fn_1771406190771.jpg,2026-02-18T09:16:30.795514Z,1771406190771,interval,"0,3,1905,1004"
fn_1771406190990.jpg,2026-02-18T09:16:31.056238Z,1771406190990,interval,"0,3,1905,1004"
fn_1771406191175.jpg,2026-02-18T09:16:31.197358Z,1771406191175,interval,"0,3,1905,1004"
fn_1771406191389.jpg,2026-02-18T09:16:31.413064Z,1771406191389,interval,"0,3,1905,1004"
fn_1771406191585.jpg,2026-02-18T09:16:31.605973Z,1771406191585,interval,"0,3,1905,1004"
fn_1771406191787.jpg,2026-02-18T09:16:31.807804Z,1771406191787,interval,"0,3,1905,1004"
fn_1771406191987.jpg,2026-02-18T09:16:32.040652Z,1771406191987,interval,"0,3,1905,1004"
fn_1771406192206.jpg,2026-02-18T09:16:32.230295Z,1771406192206,interval,"0,3,1905,1004"
fn_1771406192417.jpg,2026-02-18T09:16:32.444486Z,1771406192417,interval,"0,3,1905,1004"
fn_1771406192606.jpg,2026-02-18T09:16:32.654540Z,1771406192606,interval,"0,3,1905,1004"
fn_1771406192818.jpg,2026-02-18T09:16:32.840988Z,1771406192818,interval,"0,3,1905,1004"
fn_1771406193020.jpg,2026-02-18T09:16:33.046816Z,1771406193020,interval,"0,3,1905,1004"
fn_1771406193240.jpg,2026-02-18T09:16:33.262227Z,1771406193240,interval,"0,3,1905,1004"
fn_1771406193440.jpg,2026-02-18T09:16:33.459153Z,1771406193440,interval,"0,3,1905,1004"
fn_1771406193639.jpg,2026-02-18T09:16:33.659099Z,1771406193639,interval,"0,3,1905,1004"
fn_1771406193839.jpg,2026-02-18T09:16:33.858574Z,1771406193839,interval,"0,3,1905,1004"
fn_1771406194058.jpg,2026-02-18T09:16:34.077778Z,1771406194058,interval,"0,3,1905,1004"
fn_1771406194279.jpg,2026-02-18T09:16:34.330342Z,1771406194279,interval,"0,3,1905,1004"
fn_1771406194478.jpg,2026-02-18T09:16:34.497173Z,1771406194478,interval,"0,3,1905,1004"
fn_1771406194670.jpg,2026-02-18T09:16:34.689093Z,1771406194670,interval,"0,3,1905,1004"
fn_1771406194870.jpg,2026-02-18T09:16:34.894146Z,1771406194870,interval,"0,3,1905,1004"
fn_1771406195071.jpg,2026-02-18T09:16:35.092350Z,1771406195071,interval,"0,3,1905,1004"
fn_1771406195316.jpg,2026-02-18T09:16:35.347742Z,1771406195316,interval,"0,3,1905,1004"
fn_1771406195488.jpg,2026-02-18T09:16:35.530928Z,1771406195488,interval,"0,3,1905,1004"
fn_1771406195686.jpg,2026-02-18T09:16:35.705191Z,1771406195686,interval,"0,3,1905,1004"
fn_1771406195900.jpg,2026-02-18T09:16:35.922903Z,1771406195900,interval,"0,3,1905,1004"
fn_1771406196108.jpg,2026-02-18T09:16:36.130265Z,1771406196108,interval,"0,3,1905,1004"
fn_1771406196335.jpg,2026-02-18T09:16:36.397566Z,1771406196335,interval,"0,3,1905,1004"
fn_1771406196523.jpg,2026-02-18T09:16:36.541228Z,1771406196523,interval,"0,3,1905,1004"
fn_1771406196721.jpg,2026-02-18T09:16:36.741272Z,1771406196721,interval,"0,3,1905,1004"
fn_1771406196920.jpg,2026-02-18T09:16:36.943650Z,1771406196920,interval,"0,3,1905,1004"
fn_1771406197119.jpg,2026-02-18T09:16:37.140772Z,1771406197119,interval,"0,3,1905,1004"
fn_1771406197352.jpg,2026-02-18T09:16:37.384277Z,1771406197352,interval,"0,3,1905,1004"
fn_1771406197541.jpg,2026-02-18T09:16:37.558298Z,1771406197541,interval,"0,3,1905,1004"
fn_1771406197736.jpg,2026-02-18T09:16:37.757703Z,1771406197736,interval,"0,3,1905,1004"
fn_1771406197953.jpg,2026-02-18T09:16:38.002429Z,1771406197953,interval,"0,3,1905,1004"
fn_1771406198152.jpg,2026-02-18T09:16:38.170642Z,1771406198152,interval,"0,3,1905,1004"
fn_1771406198379.jpg,2026-02-18T09:16:38.429569Z,1771406198379,interval,"0,3,1905,1004"
fn_1771406198574.jpg,2026-02-18T09:16:38.595062Z,1771406198574,interval,"0,3,1905,1004"
fn_1771406198788.jpg,2026-02-18T09:16:38.809825Z,1771406198788,interval,"0,3,1905,1004"
fn_1771406199004.jpg,2026-02-18T09:16:39.041130Z,1771406199004,interval,"0,3,1905,1004"
fn_1771406199190.jpg,2026-02-18T09:16:39.210008Z,1771406199190,interval,"0,3,1905,1004"
fn_1771406199383.jpg,2026-02-18T09:16:39.438352Z,1771406199383,interval,"0,3,1905,1004"
fn_1771406199606.jpg,2026-02-18T09:16:39.625161Z,1771406199606,interval,"0,3,1905,1004"
fn_1771406199811.jpg,2026-02-18T09:16:39.834883Z,1771406199811,interval,"0,3,1905,1004"
fn_1771406200043.jpg,2026-02-18T09:16:40.071169Z,1771406200043,interval,"0,3,1905,1004"
fn_1771406200218.jpg,2026-02-18T09:16:40.237073Z,1771406200218,interval,"0,3,1905,1004"
fn_1771406200439.jpg,2026-02-18T09:16:40.488207Z,1771406200439,interval,"0,3,1905,1004"
fn_1771406200636.jpg,2026-02-18T09:16:40.655665Z,1771406200636,interval,"0,3,1905,1004"
fn_1771406200864.jpg,2026-02-18T09:16:40.885958Z,1771406200864,interval,"0,3,1905,1004"
fn_1771406201055.jpg,2026-02-18T09:16:41.076224Z,1771406201055,interval,"0,3,1905,1004"
fn_1771406201255.jpg,2026-02-18T09:16:41.277618Z,1771406201255,interval,"0,3,1905,1004"
fn_1771406201456.jpg,2026-02-18T09:16:41.473997Z,1771406201456,interval,"0,3,1905,1004"
fn_1771406201669.jpg,2026-02-18T09:16:41.719861Z,1771406201669,interval,"0,3,1905,1004"
fn_1771406201879.jpg,2026-02-18T09:16:41.902799Z,1771406201879,interval,"0,3,1905,1004"
fn_1771406202070.jpg,2026-02-18T09:16:42.089304Z,1771406202070,interval,"0,3,1905,1004"
fn_1771406202291.jpg,2026-02-18T09:16:42.339772Z,1771406202291,interval,"0,3,1905,1004"
fn_1771406202493.jpg,2026-02-18T09:16:42.514449Z,1771406202493,interval,"0,3,1905,1004"
fn_1771406202708.jpg,2026-02-18T09:16:42.728952Z,1771406202708,interval,"0,3,1905,1004"
fn_1771406202912.jpg,2026-02-18T09:16:42.937104Z,1771406202912,interval,"0,3,1905,1004"
fn_1771406203118.jpg,2026-02-18T09:16:43.141976Z,1771406203118,interval,"0,3,1905,1004"
fn_1771406203339.jpg,2026-02-18T09:16:43.379313Z,1771406203339,interval,"0,3,1905,1004"
fn_1771406203524.jpg,2026-02-18T09:16:43.542248Z,1771406203524,interval,"0,3,1905,1004"
fn_1771406203714.jpg,2026-02-18T09:16:43.749993Z,1771406203714,interval,"0,3,1905,1004"
fn_1771406203935.jpg,2026-02-18T09:16:43.986056Z,1771406203935,interval,"0,3,1905,1004"
fn_1771406204159.jpg,2026-02-18T09:16:44.194714Z,1771406204159,interval,"0,3,1905,1004"
fn_1771406204360.jpg,2026-02-18T09:16:44.384305Z,1771406204360,interval,"0,3,1905,1004"
fn_1771406204557.jpg,2026-02-18T09:16:44.575811Z,1771406204557,interval,"0,3,1905,1004"
fn_1771406204754.jpg,2026-02-18T09:16:44.774455Z,1771406204754,interval,"0,3,1905,1004"
fn_1771406204968.jpg,2026-02-18T09:16:44.986094Z,1771406204968,interval,"0,3,1905,1004"
fn_1771406205175.jpg,2026-02-18T09:16:45.199261Z,1771406205175,interval,"0,3,1905,1004"
fn_1771406205372.jpg,2026-02-18T09:16:45.395702Z,1771406205372,interval,"0,3,1905,1004"
fn_1771406205583.jpg,2026-02-18T09:16:45.600798Z,1771406205583,interval,"0,3,1905,1004"
fn_1771406205782.jpg,2026-02-18T09:16:45.800577Z,1771406205782,interval,"0,3,1905,1004"
fn_1771406205989.jpg,2026-02-18T09:16:46.009456Z,1771406205989,interval,"0,3,1905,1004"
fn_1771406206194.jpg,2026-02-18T09:16:46.216459Z,1771406206194,interval,"0,3,1905,1004"
fn_1771406206404.jpg,2026-02-18T09:16:46.424824Z,1771406206404,interval,"0,3,1905,1004"
fn_1771406206597.jpg,2026-02-18T09:16:46.619372Z,1771406206597,interval,"0,3,1905,1004"
fn_1771406206820.jpg,2026-02-18T09:16:46.839718Z,1771406206820,interval,"0,3,1905,1004"
fn_1771406207017.jpg,2026-02-18T09:16:47.034768Z,1771406207017,interval,"0,3,1905,1004"
fn_1771406207220.jpg,2026-02-18T09:16:47.241941Z,1771406207220,interval,"0,3,1905,1004"
fn_1771406207421.jpg,2026-02-18T09:16:47.442074Z,1771406207421,interval,"0,3,1905,1004"
fn_1771406207621.jpg,2026-02-18T09:16:47.640409Z,1771406207621,interval,"0,3,1905,1004"
fn_1771406207840.jpg,2026-02-18T09:16:47.866469Z,1771406207840,interval,"0,3,1905,1004"
fn_1771406208040.jpg,2026-02-18T09:16:48.100650Z,1771406208040,interval,"0,3,1905,1004"
fn_1771406208235.jpg,2026-02-18T09:16:48.255699Z,1771406208235,interval,"0,3,1905,1004"
fn_1771406208485.jpg,2026-02-18T09:16:48.547407Z,1771406208485,interval,"0,3,1905,1004"
fn_1771406208649.jpg,2026-02-18T09:16:48.669291Z,1771406208649,interval,"0,3,1905,1004"
fn_1771406208870.jpg,2026-02-18T09:16:48.888463Z,1771406208870,interval,"0,3,1905,1004"
fn_1771406209071.jpg,2026-02-18T09:16:49.090868Z,1771406209071,interval,"0,3,1905,1004"
fn_1771406209267.jpg,2026-02-18T09:16:49.290266Z,1771406209267,interval,"0,3,1905,1004"
fn_1771406209487.jpg,2026-02-18T09:16:49.538179Z,1771406209487,interval,"0,3,1905,1004"
fn_1771406209676.jpg,2026-02-18T09:16:49.731756Z,1771406209676,interval,"0,3,1905,1004"
fn_1771406209891.jpg,2026-02-18T09:16:49.911305Z,1771406209891,interval,"0,3,1905,1004"
fn_1771406210092.jpg,2026-02-18T09:16:50.118883Z,1771406210092,interval,"0,3,1905,1004"
fn_1771406210310.jpg,2026-02-18T09:16:50.360473Z,1771406210310,interval,"0,3,1905,1004"
fn_1771406210527.jpg,2026-02-18T09:16:50.551247Z,1771406210527,interval,"0,3,1905,1004"
fn_1771406210715.jpg,2026-02-18T09:16:50.736322Z,1771406210715,interval,"0,3,1905,1004"
fn_1771406210919.jpg,2026-02-18T09:16:50.956164Z,1771406210919,interval,"0,3,1905,1004"
fn_1771406211135.jpg,2026-02-18T09:16:51.183641Z,1771406211135,interval,"0,3,1905,1004"
fn_1771406211336.jpg,2026-02-18T09:16:51.355665Z,1771406211336,interval,"0,3,1905,1004"
fn_1771406211535.jpg,2026-02-18T09:16:51.554077Z,1771406211535,interval,"0,3,1905,1004"
fn_1771406211759.jpg,2026-02-18T09:16:51.812933Z,1771406211759,interval,"0,3,1905,1004"
fn_1771406211958.jpg,2026-02-18T09:16:52.004364Z,1771406211958,interval,"0,3,1905,1004"
fn_1771406212156.jpg,2026-02-18T09:16:52.175354Z,1771406212156,interval,"0,3,1905,1004"
fn_1771406212361.jpg,2026-02-18T09:16:52.385057Z,1771406212361,interval,"0,3,1905,1004"
fn_1771406212593.jpg,2026-02-18T09:16:52.625032Z,1771406212593,interval,"0,3,1905,1004"
fn_1771406212770.jpg,2026-02-18T09:16:52.792164Z,1771406212770,interval,"0,3,1905,1004"
fn_1771406213010.jpg,2026-02-18T09:16:53.045150Z,1771406213010,interval,"0,3,1905,1004"
fn_1771406213217.jpg,2026-02-18T09:16:53.272069Z,1771406213217,interval,"0,3,1905,1004"
fn_1771406213396.jpg,2026-02-18T09:16:53.419957Z,1771406213396,interval,"0,3,1905,1004"
fn_1771406213597.jpg,2026-02-18T09:16:53.645216Z,1771406213597,interval,"0,3,1905,1004"
fn_1771406213806.jpg,2026-02-18T09:16:53.845210Z,1771406213806,interval,"0,3,1905,1004"
fn_1771406214000.jpg,2026-02-18T09:16:54.021251Z,1771406214000,interval,"0,3,1905,1004"
fn_1771406214226.jpg,2026-02-18T09:16:54.247406Z,1771406214226,interval,"0,3,1905,1004"
fn_1771406214432.jpg,2026-02-18T09:16:54.466292Z,1771406214432,interval,"0,3,1905,1004"
fn_1771406214645.jpg,2026-02-18T09:16:54.664087Z,1771406214645,interval,"0,3,1905,1004"
fn_1771406214832.jpg,2026-02-18T09:16:54.853755Z,1771406214832,interval,"0,3,1905,1004"
fn_1771406215064.jpg,2026-02-18T09:16:55.089341Z,1771406215064,interval,"0,3,1905,1004"
fn_1771406215255.jpg,2026-02-18T09:16:55.304128Z,1771406215255,interval,"0,3,1905,1004"
fn_1771406215451.jpg,2026-02-18T09:16:55.503993Z,1771406215451,interval,"0,3,1905,1004"
fn_1771406215677.jpg,2026-02-18T09:16:55.739916Z,1771406215677,interval,"0,3,1905,1004"
fn_1771406215871.jpg,2026-02-18T09:16:55.889005Z,1771406215871,interval,"0,3,1905,1004"
fn_1771406216072.jpg,2026-02-18T09:16:56.195345Z,1771406216072,interval,"0,3,1905,1004"
fn_1771406216269.jpg,2026-02-18T09:16:56.290609Z,1771406216269,interval,"0,3,1905,1004"
fn_1771406216506.jpg,2026-02-18T09:16:56.567262Z,1771406216506,interval,"0,3,1905,1004"
fn_1771406216695.jpg,2026-02-18T09:16:56.722335Z,1771406216695,interval,"0,3,1905,1004"
fn_1771406216919.jpg,2026-02-18T09:16:56.945905Z,1771406216919,interval,"0,3,1905,1004"
fn_1771406217103.jpg,2026-02-18T09:16:57.166652Z,1771406217103,interval,"0,3,1905,1004"
fn_1771406217290.jpg,2026-02-18T09:16:57.350915Z,1771406217290,interval,"0,3,1905,1004"
fn_1771406217525.jpg,2026-02-18T09:16:57.581486Z,1771406217525,interval,"0,3,1905,1004"
fn_1771406217737.jpg,2026-02-18T09:16:57.768746Z,1771406217737,interval,"0,3,1905,1004"
fn_1771406217921.jpg,2026-02-18T09:16:57.945269Z,1771406217921,interval,"0,3,1905,1004"
fn_1771406218135.jpg,2026-02-18T09:16:58.156203Z,1771406218135,interval,"0,3,1905,1004"
fn_1771406218329.jpg,2026-02-18T09:16:58.349396Z,1771406218329,interval,"0,3,1905,1004"
fn_1771406218540.jpg,2026-02-18T09:16:58.592612Z,1771406218540,interval,"0,3,1905,1004"
fn_1771406218739.jpg,2026-02-18T09:16:58.766708Z,1771406218739,interval,"0,3,1905,1004"
fn_1771406218972.jpg,2026-02-18T09:16:59.034435Z,1771406218972,interval,"0,3,1905,1004"
fn_1771406219153.jpg,2026-02-18T09:16:59.177322Z,1771406219153,interval,"0,3,1905,1004"
fn_1771406219348.jpg,2026-02-18T09:16:59.415601Z,1771406219348,interval,"0,3,1905,1004"
fn_1771406219562.jpg,2026-02-18T09:16:59.629114Z,1771406219562,interval,"0,3,1905,1004"
fn_1771406219774.jpg,2026-02-18T09:16:59.828124Z,1771406219774,interval,"0,3,1905,1004"
fn_1771406220004.jpg,2026-02-18T09:17:00.036143Z,1771406220004,interval,"0,3,1905,1004"
fn_1771406220213.jpg,2026-02-18T09:17:00.262641Z,1771406220213,interval,"0,3,1905,1004"
fn_1771406220390.jpg,2026-02-18T09:17:00.409600Z,1771406220390,interval,"0,3,1905,1004"
fn_1771406220613.jpg,2026-02-18T09:17:00.639644Z,1771406220613,interval,"0,3,1905,1004"
fn_1771406220842.jpg,2026-02-18T09:17:00.867669Z,1771406220842,interval,"0,3,1905,1004"
fn_1771406221021.jpg,2026-02-18T09:17:01.054351Z,1771406221021,interval,"0,3,1905,1004"
fn_1771406221227.jpg,2026-02-18T09:17:01.250126Z,1771406221227,interval,"0,3,1905,1004"
fn_1771406221440.jpg,2026-02-18T09:17:01.462475Z,1771406221440,interval,"0,3,1905,1004"
fn_1771406221641.jpg,2026-02-18T09:17:01.692358Z,1771406221641,interval,"0,3,1905,1004"
fn_1771406221842.jpg,2026-02-18T09:17:01.866255Z,1771406221842,interval,"0,3,1905,1004"
fn_1771406222070.jpg,2026-02-18T09:17:02.121069Z,1771406222070,interval,"0,3,1905,1004"
fn_1771406222251.jpg,2026-02-18T09:17:02.303067Z,1771406222251,interval,"0,3,1905,1004"
fn_1771406222454.jpg,2026-02-18T09:17:02.477843Z,1771406222454,interval,"0,3,1905,1004"
fn_1771406222672.jpg,2026-02-18T09:17:02.721096Z,1771406222672,interval,"0,3,1905,1004"
fn_1771406222873.jpg,2026-02-18T09:17:02.897017Z,1771406222873,interval,"0,3,1905,1004"
fn_1771406223063.jpg,2026-02-18T09:17:03.120882Z,1771406223063,interval,"0,3,1905,1004"
fn_1771406223272.jpg,2026-02-18T09:17:03.322891Z,1771406223272,interval,"0,3,1905,1004"
fn_1771406223467.jpg,2026-02-18T09:17:03.519753Z,1771406223467,interval,"0,3,1905,1004"
fn_1771406223685.jpg,2026-02-18T09:17:03.741021Z,1771406223685,interval,"0,3,1905,1004"
fn_1771406223906.jpg,2026-02-18T09:17:03.962676Z,1771406223906,interval,"0,3,1905,1004"
fn_1771406224089.jpg,2026-02-18T09:17:04.106154Z,1771406224089,interval,"0,3,1905,1004"
fn_1771406224301.jpg,2026-02-18T09:17:04.350235Z,1771406224301,interval,"0,3,1905,1004"
fn_1771406224505.jpg,2026-02-18T09:17:04.529402Z,1771406224505,interval,"0,3,1905,1004"
fn_1771406224713.jpg,2026-02-18T09:17:04.763910Z,1771406224713,interval,"0,3,1905,1004"
fn_1771406224901.jpg,2026-02-18T09:17:04.920710Z,1771406224901,interval,"0,3,1905,1004"
fn_1771406225149.jpg,2026-02-18T09:17:05.177546Z,1771406225149,interval,"0,3,1905,1004"
fn_1771406225324.jpg,2026-02-18T09:17:05.373978Z,1771406225324,interval,"0,3,1905,1004"
fn_1771406225521.jpg,2026-02-18T09:17:05.549377Z,1771406225521,interval,"0,3,1905,1004"
fn_1771406225741.jpg,2026-02-18T09:17:05.790482Z,1771406225741,interval,"0,3,1905,1004"
fn_1771406225948.jpg,2026-02-18T09:17:05.980271Z,1771406225948,interval,"0,3,1905,1004"
fn_1771406226141.jpg,2026-02-18T09:17:06.191181Z,1771406226141,interval,"0,3,1905,1004"
fn_1771406226355.jpg,2026-02-18T09:17:06.417883Z,1771406226355,interval,"0,3,1905,1004"
fn_1771406226557.jpg,2026-02-18T09:17:06.577950Z,1771406226557,interval,"0,3,1905,1004"
fn_1771406226771.jpg,2026-02-18T09:17:06.795593Z,1771406226771,interval,"0,3,1905,1004"
fn_1771406226972.jpg,2026-02-18T09:17:07.024634Z,1771406226972,interval,"0,3,1905,1004"
fn_1771406227169.jpg,2026-02-18T09:17:07.218862Z,1771406227169,interval,"0,3,1905,1004"
fn_1771406227370.jpg,2026-02-18T09:17:07.422789Z,1771406227370,interval,"0,3,1905,1004"
fn_1771406227570.jpg,2026-02-18T09:17:07.590472Z,1771406227570,interval,"0,3,1905,1004"
fn_1771406227799.jpg,2026-02-18T09:17:07.849181Z,1771406227799,interval,"0,3,1905,1004"
fn_1771406228003.jpg,2026-02-18T09:17:08.061024Z,1771406228003,interval,"0,3,1905,1004"
fn_1771406228186.jpg,2026-02-18T09:17:08.234608Z,1771406228186,interval,"0,3,1905,1004"
fn_1771406228404.jpg,2026-02-18T09:17:08.452327Z,1771406228404,interval,"0,3,1905,1004"
fn_1771406228601.jpg,2026-02-18T09:17:08.621194Z,1771406228601,interval,"0,3,1905,1004"
fn_1771406228832.jpg,2026-02-18T09:17:08.855968Z,1771406228832,interval,"0,3,1905,1004"
fn_1771406229045.jpg,2026-02-18T09:17:09.076110Z,1771406229045,interval,"0,3,1905,1004"
fn_1771406229225.jpg,2026-02-18T09:17:09.242989Z,1771406229225,interval,"0,3,1905,1004"
fn_1771406229421.jpg,2026-02-18T09:17:09.470845Z,1771406229421,interval,"0,3,1905,1004"
fn_1771406229643.jpg,2026-02-18T09:17:09.692935Z,1771406229643,interval,"0,3,1905,1004"
fn_1771406229857.jpg,2026-02-18T09:17:09.878085Z,1771406229857,interval,"0,3,1905,1004"
fn_1771406230072.jpg,2026-02-18T09:17:10.138807Z,1771406230072,interval,"0,3,1905,1004"
fn_1771406230259.jpg,2026-02-18T09:17:10.312507Z,1771406230259,interval,"0,3,1905,1004"
fn_1771406230473.jpg,2026-02-18T09:17:10.522252Z,1771406230473,interval,"0,3,1905,1004"
fn_1771406230670.jpg,2026-02-18T09:17:10.689313Z,1771406230670,interval,"0,3,1905,1004"
fn_1771406230886.jpg,2026-02-18T09:17:10.906670Z,1771406230886,interval,"0,3,1905,1004"
fn_1771406231101.jpg,2026-02-18T09:17:11.168096Z,1771406231101,interval,"0,3,1905,1004"
fn_1771406231311.jpg,2026-02-18T09:17:11.358152Z,1771406231311,interval,"0,3,1905,1004"
fn_1771406231506.jpg,2026-02-18T09:17:11.527246Z,1771406231506,interval,"0,3,1905,1004"
fn_1771406231704.jpg,2026-02-18T09:17:11.755589Z,1771406231704,interval,"0,3,1905,1004"
fn_1771406231917.jpg,2026-02-18T09:17:11.935708Z,1771406231917,interval,"0,3,1905,1004"
fn_1771406232112.jpg,2026-02-18T09:17:12.170872Z,1771406232112,interval,"0,3,1905,1004"
fn_1771406232330.jpg,2026-02-18T09:17:12.354067Z,1771406232330,interval,"0,3,1905,1004"
fn_1771406232517.jpg,2026-02-18T09:17:12.540707Z,1771406232517,interval,"0,3,1905,1004"
fn_1771406232736.jpg,2026-02-18T09:17:12.754899Z,1771406232736,interval,"0,3,1905,1004"
fn_1771406232930.jpg,2026-02-18T09:17:12.949326Z,1771406232930,interval,"0,3,1905,1004"
fn_1771406233135.jpg,2026-02-18T09:17:13.166114Z,1771406233135,interval,"0,3,1905,1004"
fn_1771406233373.jpg,2026-02-18T09:17:13.393129Z,1771406233373,interval,"0,3,1905,1004"
fn_1771406233555.jpg,2026-02-18T09:17:13.574286Z,1771406233555,interval,"0,3,1905,1004"
fn_1771406233750.jpg,2026-02-18T09:17:13.767718Z,1771406233750,interval,"0,3,1905,1004"
fn_1771406233968.jpg,2026-02-18T09:17:14.002410Z,1771406233968,interval,"0,3,1905,1004"
fn_1771406234172.jpg,2026-02-18T09:17:14.193083Z,1771406234172,interval,"0,3,1905,1004"
fn_1771406234372.jpg,2026-02-18T09:17:14.392767Z,1771406234372,interval,"0,3,1905,1004"
fn_1771406234569.jpg,2026-02-18T09:17:14.590660Z,1771406234569,interval,"0,3,1905,1004"
fn_1771406234768.jpg,2026-02-18T09:17:14.790384Z,1771406234768,interval,"0,3,1905,1004"
fn_1771406234958.jpg,2026-02-18T09:17:14.988097Z,1771406234958,interval,"0,3,1905,1004"
fn_1771406235208.jpg,2026-02-18T09:17:15.239884Z,1771406235208,interval,"0,3,1905,1004"
fn_1771406235396.jpg,2026-02-18T09:17:15.423938Z,1771406235396,interval,"0,3,1905,1004"
fn_1771406235607.jpg,2026-02-18T09:17:15.626511Z,1771406235607,interval,"0,3,1905,1004"
fn_1771406235804.jpg,2026-02-18T09:17:15.829112Z,1771406235804,interval,"0,3,1905,1004"
fn_1771406236019.jpg,2026-02-18T09:17:16.042474Z,1771406236019,interval,"0,3,1905,1004"
fn_1771406236199.jpg,2026-02-18T09:17:16.221237Z,1771406236199,interval,"0,3,1905,1004"
fn_1771406236420.jpg,2026-02-18T09:17:16.439083Z,1771406236420,interval,"0,3,1905,1004"
fn_1771406236620.jpg,2026-02-18T09:17:16.640242Z,1771406236620,interval,"0,3,1905,1004"
fn_1771406236820.jpg,2026-02-18T09:17:16.839569Z,1771406236820,interval,"0,3,1905,1004"
fn_1771406237052.jpg,2026-02-18T09:17:17.086878Z,1771406237052,interval,"0,3,1905,1004"
fn_1771406237246.jpg,2026-02-18T09:17:17.272866Z,1771406237246,interval,"0,3,1905,1004"
fn_1771406237457.jpg,2026-02-18T09:17:17.476010Z,1771406237457,interval,"0,3,1905,1004"
fn_1771406237655.jpg,2026-02-18T09:17:17.676158Z,1771406237655,interval,"0,3,1905,1004"
fn_1771406237861.jpg,2026-02-18T09:17:17.888004Z,1771406237861,interval,"0,3,1905,1004"
fn_1771406238070.jpg,2026-02-18T09:17:18.098026Z,1771406238070,interval,"0,3,1905,1004"
fn_1771406238256.jpg,2026-02-18T09:17:18.276072Z,1771406238256,interval,"0,3,1905,1004"
fn_1771406238471.jpg,2026-02-18T09:17:18.495304Z,1771406238471,interval,"0,3,1905,1004"
fn_1771406238705.jpg,2026-02-18T09:17:18.730941Z,1771406238705,interval,"0,3,1905,1004"
fn_1771406238890.jpg,2026-02-18T09:17:18.910944Z,1771406238890,interval,"0,3,1905,1004"
fn_1771406239115.jpg,2026-02-18T09:17:19.145231Z,1771406239115,interval,"0,3,1905,1004"
fn_1771406239313.jpg,2026-02-18T09:17:19.336148Z,1771406239313,interval,"0,3,1905,1004"
fn_1771406239504.jpg,2026-02-18T09:17:19.529676Z,1771406239504,interval,"0,3,1905,1004"
fn_1771406239704.jpg,2026-02-18T09:17:19.725635Z,1771406239704,interval,"0,3,1905,1004"
fn_1771406239920.jpg,2026-02-18T09:17:19.957584Z,1771406239920,interval,"0,3,1905,1004"
fn_1771406240143.jpg,2026-02-18T09:17:20.169130Z,1771406240143,interval,"0,3,1905,1004"
fn_1771406240322.jpg,2026-02-18T09:17:20.347581Z,1771406240322,interval,"0,3,1905,1004"
fn_1771406240532.jpg,2026-02-18T09:17:20.561149Z,1771406240532,interval,"0,3,1905,1004"
fn_1771406240732.jpg,2026-02-18T09:17:20.753212Z,1771406240732,interval,"0,3,1905,1004"
fn_1771406240919.jpg,2026-02-18T09:17:20.940235Z,1771406240919,interval,"0,3,1905,1004"
fn_1771406241137.jpg,2026-02-18T09:17:21.171318Z,1771406241137,interval,"0,3,1905,1004"
fn_1771406241341.jpg,2026-02-18T09:17:21.362241Z,1771406241341,interval,"0,3,1905,1004"
fn_1771406241556.jpg,2026-02-18T09:17:21.579826Z,1771406241556,interval,"0,3,1905,1004"
fn_1771406241751.jpg,2026-02-18T09:17:21.770930Z,1771406241751,interval,"0,3,1905,1004"
fn_1771406241955.jpg,2026-02-18T09:17:21.976362Z,1771406241955,interval,"0,3,1905,1004"
fn_1771406242173.jpg,2026-02-18T09:17:22.206168Z,1771406242173,interval,"0,3,1905,1004"
fn_1771406242371.jpg,2026-02-18T09:17:22.387895Z,1771406242371,interval,"0,3,1905,1004"
fn_1771406242574.jpg,2026-02-18T09:17:22.619609Z,1771406242574,interval,"0,3,1905,1004"
fn_1771406242787.jpg,2026-02-18T09:17:22.806231Z,1771406242787,interval,"0,3,1905,1004"
fn_1771406242985.jpg,2026-02-18T09:17:23.005678Z,1771406242985,interval,"0,3,1905,1004"
fn_1771406243200.jpg,2026-02-18T09:17:23.219679Z,1771406243200,interval,"0,3,1905,1004"
fn_1771406243405.jpg,2026-02-18T09:17:23.454781Z,1771406243405,interval,"0,3,1905,1004"
fn_1771406243600.jpg,2026-02-18T09:17:23.649100Z,1771406243600,interval,"0,3,1905,1004"
fn_1771406243817.jpg,2026-02-18T09:17:23.840063Z,1771406243817,interval,"0,3,1905,1004"
fn_1771406244022.jpg,2026-02-18T09:17:24.071966Z,1771406244022,interval,"0,3,1905,1004"
fn_1771406244219.jpg,2026-02-18T09:17:24.236264Z,1771406244219,interval,"0,3,1905,1004"
fn_1771406244420.jpg,2026-02-18T09:17:24.469303Z,1771406244420,interval,"0,3,1905,1004"
fn_1771406244618.jpg,2026-02-18T09:17:24.666624Z,1771406244618,interval,"0,3,1905,1004"
fn_1771406244839.jpg,2026-02-18T09:17:24.857610Z,1771406244839,interval,"0,3,1905,1004"
fn_1771406245041.jpg,2026-02-18T09:17:25.088492Z,1771406245041,interval,"0,3,1905,1004"
fn_1771406245239.jpg,2026-02-18T09:17:25.288183Z,1771406245239,interval,"0,3,1905,1004"
fn_1771406245440.jpg,2026-02-18T09:17:25.489335Z,1771406245440,interval,"0,3,1905,1004"
fn_1771406245638.jpg,2026-02-18T09:17:25.716745Z,1771406245638,interval,"0,3,1905,1004"
fn_1771406245857.jpg,2026-02-18T09:17:25.875446Z,1771406245857,interval,"0,3,1905,1004"
fn_1771406246055.jpg,2026-02-18T09:17:26.103873Z,1771406246055,interval,"0,3,1905,1004"
fn_1771406246265.jpg,2026-02-18T09:17:26.312066Z,1771406246265,interval,"0,3,1905,1004"
fn_1771406246484.jpg,2026-02-18T09:17:26.504549Z,1771406246484,interval,"0,3,1905,1004"
fn_1771406246671.jpg,2026-02-18T09:17:26.689388Z,1771406246671,interval,"0,3,1905,1004"
fn_1771406246893.jpg,2026-02-18T09:17:26.913641Z,1771406246893,interval,"0,3,1905,1004"
fn_1771406247092.jpg,2026-02-18T09:17:27.136268Z,1771406247092,interval,"0,3,1905,1004"
fn_1771406247306.jpg,2026-02-18T09:17:27.325173Z,1771406247306,interval,"0,3,1905,1004"
fn_1771406247505.jpg,2026-02-18T09:17:27.554803Z,1771406247505,interval,"0,3,1905,1004"
fn_1771406247701.jpg,2026-02-18T09:17:27.750983Z,1771406247701,interval,"0,3,1905,1004"
fn_1771406247923.jpg,2026-02-18T09:17:27.972616Z,1771406247923,interval,"0,3,1905,1004"
fn_1771406248121.jpg,2026-02-18T09:17:28.192389Z,1771406248121,interval,"0,3,1905,1004"
fn_1771406248341.jpg,2026-02-18T09:17:28.359512Z,1771406248341,interval,"0,3,1905,1004"
fn_1771406248555.jpg,2026-02-18T09:17:28.604810Z,1771406248555,interval,"0,3,1905,1004"
fn_1771406248752.jpg,2026-02-18T09:17:28.797965Z,1771406248752,interval,"0,3,1905,1004"
fn_1771406248956.jpg,2026-02-18T09:17:28.976998Z,1771406248956,interval,"0,3,1905,1004"
fn_1771406249160.jpg,2026-02-18T09:17:29.212294Z,1771406249160,interval,"0,3,1905,1004"
fn_1771406249357.jpg,2026-02-18T09:17:29.406433Z,1771406249357,interval,"0,3,1905,1004"
fn_1771406249557.jpg,2026-02-18T09:17:29.606058Z,1771406249557,interval,"0,3,1905,1004"
fn_1771406249767.jpg,2026-02-18T09:17:29.815371Z,1771406249767,interval,"0,3,1905,1004"
fn_1771406249985.jpg,2026-02-18T09:17:30.003935Z,1771406249985,interval,"0,3,1905,1004"
fn_1771406250189.jpg,2026-02-18T09:17:30.237116Z,1771406250189,interval,"0,3,1905,1004"
fn_1771406250389.jpg,2026-02-18T09:17:30.437421Z,1771406250389,interval,"0,3,1905,1004"
fn_1771406250588.jpg,2026-02-18T09:17:30.605174Z,1771406250588,interval,"0,3,1905,1004"
fn_1771406250803.jpg,2026-02-18T09:17:30.822016Z,1771406250803,interval,"0,3,1905,1004"
fn_1771406251006.jpg,2026-02-18T09:17:31.027308Z,1771406251006,interval,"0,3,1905,1004"
fn_1771406251224.jpg,2026-02-18T09:17:31.274426Z,1771406251224,interval,"0,3,1905,1004"
fn_1771406251419.jpg,2026-02-18T09:17:31.467970Z,1771406251419,interval,"0,3,1905,1004"
fn_1771406251621.jpg,2026-02-18T09:17:31.640423Z,1771406251621,interval,"0,3,1905,1004"
fn_1771406251816.jpg,2026-02-18T09:17:31.836001Z,1771406251816,interval,"0,3,1905,1004"
fn_1771406252038.jpg,2026-02-18T09:17:32.086927Z,1771406252038,interval,"0,3,1905,1004"
fn_1771406252236.jpg,2026-02-18T09:17:32.283255Z,1771406252236,interval,"0,3,1905,1004"
fn_1771406252453.jpg,2026-02-18T09:17:32.508269Z,1771406252453,interval,"0,3,1905,1004"
fn_1771406252652.jpg,2026-02-18T09:17:32.672160Z,1771406252652,interval,"0,3,1905,1004"
fn_1771406252851.jpg,2026-02-18T09:17:32.869970Z,1771406252851,interval,"0,3,1905,1004"
fn_1771406253101.jpg,2026-02-18T09:17:33.140360Z,1771406253101,interval,"0,3,1905,1004"
fn_1771406253292.jpg,2026-02-18T09:17:33.321207Z,1771406253292,interval,"0,3,1905,1004"
fn_1771406253473.jpg,2026-02-18T09:17:33.497989Z,1771406253473,interval,"0,3,1905,1004"
fn_1771406253679.jpg,2026-02-18T09:17:33.700697Z,1771406253679,interval,"0,3,1905,1004"
fn_1771406253881.jpg,2026-02-18T09:17:33.904246Z,1771406253881,interval,"0,3,1905,1004"
fn_1771406254081.jpg,2026-02-18T09:17:34.101041Z,1771406254081,interval,"0,3,1905,1004"
fn_1771406254296.jpg,2026-02-18T09:17:34.327983Z,1771406254296,interval,"0,3,1905,1004"
fn_1771406254503.jpg,2026-02-18T09:17:34.558071Z,1771406254503,interval,"0,3,1905,1004"
fn_1771406254695.jpg,2026-02-18T09:17:34.747282Z,1771406254695,interval,"0,3,1905,1004"
fn_1771406254914.jpg,2026-02-18T09:17:34.941169Z,1771406254914,interval,"0,3,1905,1004"
fn_1771406255131.jpg,2026-02-18T09:17:35.169037Z,1771406255131,interval,"0,3,1905,1004"
fn_1771406255319.jpg,2026-02-18T09:17:35.368681Z,1771406255319,interval,"0,3,1905,1004"
fn_1771406255530.jpg,2026-02-18T09:17:35.672165Z,1771406255530,interval,"0,3,1905,1004"
fn_1771406255731.jpg,2026-02-18T09:17:35.749864Z,1771406255731,interval,"0,3,1905,1004"
fn_1771406255927.jpg,2026-02-18T09:17:35.950661Z,1771406255927,interval,"0,3,1905,1004"
fn_1771406256150.jpg,2026-02-18T09:17:36.195919Z,1771406256150,interval,"0,3,1905,1004"
fn_1771406256346.jpg,2026-02-18T09:17:36.367610Z,1771406256346,interval,"0,3,1905,1004"
fn_1771406256549.jpg,2026-02-18T09:17:36.601497Z,1771406256549,interval,"0,3,1905,1004"
fn_1771406256746.jpg,2026-02-18T09:17:36.797313Z,1771406256746,interval,"0,3,1905,1004"
fn_1771406256964.jpg,2026-02-18T09:17:37.014786Z,1771406256964,interval,"0,3,1905,1004"
fn_1771406257163.jpg,2026-02-18T09:17:37.185849Z,1771406257163,interval,"0,3,1905,1004"
fn_1771406257366.jpg,2026-02-18T09:17:37.390431Z,1771406257366,interval,"0,3,1905,1004"
fn_1771406257563.jpg,2026-02-18T09:17:37.597387Z,1771406257563,interval,"0,3,1905,1004"
fn_1771406257781.jpg,2026-02-18T09:17:37.832140Z,1771406257781,interval,"0,3,1905,1004"
fn_1771406257983.jpg,2026-02-18T09:17:38.032062Z,1771406257983,interval,"0,3,1905,1004"
fn_1771406258183.jpg,2026-02-18T09:17:38.229205Z,1771406258183,interval,"0,3,1905,1004"
fn_1771406258417.jpg,2026-02-18T09:17:38.469196Z,1771406258417,interval,"0,3,1905,1004"
fn_1771406258615.jpg,2026-02-18T09:17:38.635575Z,1771406258615,interval,"0,3,1905,1004"
fn_1771406258810.jpg,2026-02-18T09:17:38.840303Z,1771406258810,interval,"0,3,1905,1004"
fn_1771406259010.jpg,2026-02-18T09:17:39.031135Z,1771406259010,interval,"0,3,1905,1004"
fn_1771406259217.jpg,2026-02-18T09:17:39.238070Z,1771406259217,interval,"0,3,1905,1004"
fn_1771406259433.jpg,2026-02-18T09:17:39.453905Z,1771406259433,interval,"0,3,1905,1004"
fn_1771406259631.jpg,2026-02-18T09:17:39.650941Z,1771406259631,interval,"0,3,1905,1004"
fn_1771406259848.jpg,2026-02-18T09:17:39.869409Z,1771406259848,interval,"0,3,1905,1004"
fn_1771406260049.jpg,2026-02-18T09:17:40.068810Z,1771406260049,interval,"0,3,1905,1004"
fn_1771406260243.jpg,2026-02-18T09:17:40.264047Z,1771406260243,interval,"0,3,1905,1004"
fn_1771406260449.jpg,2026-02-18T09:17:40.486845Z,1771406260449,interval,"0,3,1905,1004"
fn_1771406260647.jpg,2026-02-18T09:17:40.670445Z,1771406260647,interval,"0,3,1905,1004"
fn_1771406260861.jpg,2026-02-18T09:17:40.882455Z,1771406260861,interval,"0,3,1905,1004"
fn_1771406261064.jpg,2026-02-18T09:17:41.085886Z,1771406261064,interval,"0,3,1905,1004"
fn_1771406261263.jpg,2026-02-18T09:17:41.288133Z,1771406261263,interval,"0,3,1905,1004"
fn_1771406261460.jpg,2026-02-18T09:17:41.481154Z,1771406261460,interval,"0,3,1905,1004"
fn_1771406261682.jpg,2026-02-18T09:17:41.701285Z,1771406261682,interval,"0,3,1905,1004"
fn_1771406261880.jpg,2026-02-18T09:17:41.898403Z,1771406261880,interval,"0,3,1905,1004"
fn_1771406262084.jpg,2026-02-18T09:17:42.105220Z,1771406262084,interval,"0,3,1905,1004"
fn_1771406262293.jpg,2026-02-18T09:17:42.342850Z,1771406262293,interval,"0,3,1905,1004"
fn_1771406262497.jpg,2026-02-18T09:17:42.521209Z,1771406262497,interval,"0,3,1905,1004"
fn_1771406262695.jpg,2026-02-18T09:17:42.745373Z,1771406262695,interval,"0,3,1905,1004"
fn_1771406262894.jpg,2026-02-18T09:17:42.914803Z,1771406262894,interval,"0,3,1905,1004"
fn_1771406263097.jpg,2026-02-18T09:17:43.148161Z,1771406263097,interval,"0,3,1905,1004"
fn_1771406263293.jpg,2026-02-18T09:17:43.319915Z,1771406263293,interval,"0,3,1905,1004"
fn_1771406263514.jpg,2026-02-18T09:17:43.535425Z,1771406263514,interval,"0,3,1905,1004"
fn_1771406263714.jpg,2026-02-18T09:17:43.734465Z,1771406263714,interval,"0,3,1905,1004"
fn_1771406263926.jpg,2026-02-18T09:17:43.947263Z,1771406263926,interval,"0,3,1905,1004"
fn_1771406264135.jpg,2026-02-18T09:17:44.155689Z,1771406264135,interval,"0,3,1905,1004"
fn_1771406264328.jpg,2026-02-18T09:17:44.347524Z,1771406264328,interval,"0,3,1905,1004"
fn_1771406264532.jpg,2026-02-18T09:17:44.552811Z,1771406264532,interval,"0,3,1905,1004"
fn_1771406264746.jpg,2026-02-18T09:17:44.764968Z,1771406264746,interval,"0,3,1905,1004"
fn_1771406264947.jpg,2026-02-18T09:17:44.971208Z,1771406264947,interval,"0,3,1905,1004"
fn_1771406265149.jpg,2026-02-18T09:17:45.171250Z,1771406265149,interval,"0,3,1905,1004"
fn_1771406265347.jpg,2026-02-18T09:17:45.366982Z,1771406265347,interval,"0,3,1905,1004"
fn_1771406265565.jpg,2026-02-18T09:17:45.587547Z,1771406265565,interval,"0,3,1905,1004"
fn_1771406265765.jpg,2026-02-18T09:17:45.786050Z,1771406265765,interval,"0,3,1905,1004"
fn_1771406265982.jpg,2026-02-18T09:17:46.005292Z,1771406265982,interval,"0,3,1905,1004"
fn_1771406266185.jpg,2026-02-18T09:17:46.232840Z,1771406266185,interval,"0,3,1905,1004"
fn_1771406266394.jpg,2026-02-18T09:17:46.417107Z,1771406266394,interval,"0,3,1905,1004"
fn_1771406266597.jpg,2026-02-18T09:17:46.618938Z,1771406266597,interval,"0,3,1905,1004"
fn_1771406266797.jpg,2026-02-18T09:17:46.818392Z,1771406266797,interval,"0,3,1905,1004"
fn_1771406267013.jpg,2026-02-18T09:17:47.063630Z,1771406267013,interval,"0,3,1905,1004"
fn_1771406267214.jpg,2026-02-18T09:17:47.235590Z,1771406267214,interval,"0,3,1905,1004"
fn_1771406267415.jpg,2026-02-18T09:17:47.434871Z,1771406267415,interval,"0,3,1905,1004"
fn_1771406267629.jpg,2026-02-18T09:17:47.648949Z,1771406267629,interval,"0,3,1905,1004"
fn_1771406267831.jpg,2026-02-18T09:17:47.854459Z,1771406267831,interval,"0,3,1905,1004"
fn_1771406268032.jpg,2026-02-18T09:17:48.082081Z,1771406268032,interval,"0,3,1905,1004"
fn_1771406268248.jpg,2026-02-18T09:17:48.269819Z,1771406268248,interval,"0,3,1905,1004"
fn_1771406268449.jpg,2026-02-18T09:17:48.469238Z,1771406268449,interval,"0,3,1905,1004"
fn_1771406268648.jpg,2026-02-18T09:17:48.666782Z,1771406268648,interval,"0,3,1905,1004"
fn_1771406268847.jpg,2026-02-18T09:17:48.867843Z,1771406268847,interval,"0,3,1905,1004"
fn_1771406269063.jpg,2026-02-18T09:17:49.085408Z,1771406269063,interval,"0,3,1905,1004"
fn_1771406269261.jpg,2026-02-18T09:17:49.283903Z,1771406269261,interval,"0,3,1905,1004"
fn_1771406269462.jpg,2026-02-18T09:17:49.481242Z,1771406269462,interval,"0,3,1905,1004"
fn_1771406269696.jpg,2026-02-18T09:17:49.723433Z,1771406269696,interval,"0,3,1905,1004"
fn_1771406269882.jpg,2026-02-18T09:17:49.902509Z,1771406269882,interval,"0,3,1905,1004"
fn_1771406270081.jpg,2026-02-18T09:17:50.100875Z,1771406270081,interval,"0,3,1905,1004"
fn_1771406270299.jpg,2026-02-18T09:17:50.320909Z,1771406270299,interval,"0,3,1905,1004"
fn_1771406270493.jpg,2026-02-18T09:17:50.541949Z,1771406270493,interval,"0,3,1905,1004"
fn_1771406270714.jpg,2026-02-18T09:17:50.765090Z,1771406270714,interval,"0,3,1905,1004"
fn_1771406270913.jpg,2026-02-18T09:17:50.931427Z,1771406270913,interval,"0,3,1905,1004"
fn_1771406271114.jpg,2026-02-18T09:17:51.165705Z,1771406271114,interval,"0,3,1905,1004"
fn_1771406271329.jpg,2026-02-18T09:17:51.383209Z,1771406271329,interval,"0,3,1905,1004"
fn_1771406271530.jpg,2026-02-18T09:17:51.578394Z,1771406271530,interval,"0,3,1905,1004"
fn_1771406271731.jpg,2026-02-18T09:17:51.779636Z,1771406271731,interval,"0,3,1905,1004"
fn_1771406271931.jpg,2026-02-18T09:17:51.979819Z,1771406271931,interval,"0,3,1905,1004"
fn_1771406272133.jpg,2026-02-18T09:17:52.183929Z,1771406272133,interval,"0,3,1905,1004"
fn_1771406272348.jpg,2026-02-18T09:17:52.368616Z,1771406272348,interval,"0,3,1905,1004"
fn_1771406272549.jpg,2026-02-18T09:17:52.598592Z,1771406272549,interval,"0,3,1905,1004"
fn_1771406272748.jpg,2026-02-18T09:17:52.801163Z,1771406272748,interval,"0,3,1905,1004"
fn_1771406272963.jpg,2026-02-18T09:17:52.984653Z,1771406272963,interval,"0,3,1905,1004"
fn_1771406273157.jpg,2026-02-18T09:17:53.176357Z,1771406273157,interval,"0,3,1905,1004"
fn_1771406273361.jpg,2026-02-18T09:17:53.384708Z,1771406273361,interval,"0,3,1905,1004"
fn_1771406273591.jpg,2026-02-18T09:17:53.617194Z,1771406273591,interval,"0,3,1905,1004"
fn_1771406273782.jpg,2026-02-18T09:17:53.803636Z,1771406273782,interval,"0,3,1905,1004"
fn_1771406273980.jpg,2026-02-18T09:17:54.002997Z,1771406273980,interval,"0,3,1905,1004"
fn_1771406274185.jpg,2026-02-18T09:17:54.210793Z,1771406274185,interval,"0,3,1905,1004"
fn_1771406274402.jpg,2026-02-18T09:17:54.422331Z,1771406274402,interval,"0,3,1905,1004"
fn_1771406274601.jpg,2026-02-18T09:17:54.623037Z,1771406274601,interval,"0,3,1905,1004"
fn_1771406274808.jpg,2026-02-18T09:17:54.832730Z,1771406274808,interval,"0,3,1905,1004"
fn_1771406275001.jpg,2026-02-18T09:17:55.052458Z,1771406275001,interval,"0,3,1905,1004"
fn_1771406275213.jpg,2026-02-18T09:17:55.226447Z,1771406275213,interval,"0,3,1905,1004"
fn_1771406275420.jpg,2026-02-18T09:17:55.438218Z,1771406275420,interval,"0,3,1905,1004"
fn_1771406275603.jpg,2026-02-18T09:17:55.616458Z,1771406275603,interval,"0,3,1905,1004"
fn_1771406275849.jpg,2026-02-18T09:17:55.866575Z,1771406275849,interval,"0,3,1905,1004"
fn_1771406545028.jpg,2026-02-18T09:22:25.071060Z,1771406545028,interval,"0,3,1905,1004"
fn_1771406545217.jpg,2026-02-18T09:22:25.233269Z,1771406545217,interval,"0,3,1905,1004"
fn_1771406545434.jpg,2026-02-18T09:22:25.459186Z,1771406545434,interval,"0,3,1905,1004"
fn_1771406545657.jpg,2026-02-18T09:22:25.684110Z,1771406545657,interval,"0,3,1905,1004"
fn_1771406545822.jpg,2026-02-18T09:22:25.835862Z,1771406545822,interval,"0,3,1905,1004"
fn_1771406546050.jpg,2026-02-18T09:22:26.062876Z,1771406546050,interval,"0,3,1905,1004"
fn_1771406546239.jpg,2026-02-18T09:22:26.284419Z,1771406546239,interval,"0,3,1905,1004"
fn_1771406546440.jpg,2026-02-18T09:22:26.456588Z,1771406546440,interval,"0,3,1905,1004"
fn_1771406546649.jpg,2026-02-18T09:22:26.674356Z,1771406546649,interval,"0,3,1905,1004"
fn_1771406546857.jpg,2026-02-18T09:22:26.877022Z,1771406546857,interval,"0,3,1905,1004"
fn_1771406547058.jpg,2026-02-18T09:22:27.077046Z,1771406547058,interval,"0,3,1905,1004"
fn_1771406547270.jpg,2026-02-18T09:22:27.291866Z,1771406547270,interval,"0,3,1905,1004"
fn_1771406547490.jpg,2026-02-18T09:22:27.511863Z,1771406547490,interval,"0,3,1905,1004"
fn_1771406547680.jpg,2026-02-18T09:22:27.699939Z,1771406547680,interval,"0,3,1905,1004"
fn_1771406547889.jpg,2026-02-18T09:22:27.914789Z,1771406547889,interval,"0,3,1905,1004"
fn_1771406548086.jpg,2026-02-18T09:22:28.105661Z,1771406548086,interval,"0,3,1905,1004"
fn_1771406548296.jpg,2026-02-18T09:22:28.348479Z,1771406548296,interval,"0,3,1905,1004"
fn_1771406548526.jpg,2026-02-18T09:22:28.546803Z,1771406548526,interval,"0,3,1905,1004"
fn_1771406548716.jpg,2026-02-18T09:22:28.737088Z,1771406548716,interval,"0,3,1905,1004"
fn_1771406548910.jpg,2026-02-18T09:22:28.961694Z,1771406548910,interval,"0,3,1905,1004"
fn_1771406549129.jpg,2026-02-18T09:22:29.150248Z,1771406549129,interval,"0,3,1905,1004"
fn_1771406549320.jpg,2026-02-18T09:22:29.343387Z,1771406549320,interval,"0,3,1905,1004"
fn_1771406549518.jpg,2026-02-18T09:22:29.539120Z,1771406549518,interval,"0,3,1905,1004"
fn_1771406549745.jpg,2026-02-18T09:22:29.793822Z,1771406549745,interval,"0,3,1905,1004"
fn_1771406549947.jpg,2026-02-18T09:22:29.996920Z,1771406549947,interval,"0,3,1905,1004"
fn_1771406550156.jpg,2026-02-18T09:22:30.205471Z,1771406550156,interval,"0,3,1905,1004"
fn_1771406550353.jpg,2026-02-18T09:22:30.380351Z,1771406550353,interval,"0,3,1905,1004"
fn_1771406550552.jpg,2026-02-18T09:22:30.605034Z,1771406550552,interval,"0,3,1905,1004"
fn_1771406550767.jpg,2026-02-18T09:22:30.816775Z,1771406550767,interval,"0,3,1905,1004"
fn_1771406550965.jpg,2026-02-18T09:22:30.980999Z,1771406550965,interval,"0,3,1905,1004"
fn_1771406551169.jpg,2026-02-18T09:22:31.189515Z,1771406551169,interval,"0,3,1905,1004"
fn_1771406551381.jpg,2026-02-18T09:22:31.473248Z,1771406551381,interval,"0,3,1905,1004"
fn_1771406551576.jpg,2026-02-18T09:22:31.628963Z,1771406551576,interval,"0,3,1905,1004"
fn_1771406551795.jpg,2026-02-18T09:22:31.812738Z,1771406551795,interval,"0,3,1905,1004"
fn_1771406551985.jpg,2026-02-18T09:22:32.034117Z,1771406551985,interval,"0,3,1905,1004"
fn_1771406552203.jpg,2026-02-18T09:22:32.260511Z,1771406552203,interval,"0,3,1905,1004"
fn_1771406552406.jpg,2026-02-18T09:22:32.426021Z,1771406552406,interval,"0,3,1905,1004"
fn_1771406552615.jpg,2026-02-18T09:22:32.667421Z,1771406552615,interval,"0,3,1905,1004"
fn_1771406552801.jpg,2026-02-18T09:22:32.840827Z,1771406552801,interval,"0,3,1905,1004"
fn_1771406553014.jpg,2026-02-18T09:22:33.070002Z,1771406553014,interval,"0,3,1905,1004"
fn_1771406553220.jpg,2026-02-18T09:22:33.270649Z,1771406553220,interval,"0,3,1905,1004"
fn_1771406553427.jpg,2026-02-18T09:22:33.443295Z,1771406553427,interval,"0,3,1905,1004"
fn_1771406553627.jpg,2026-02-18T09:22:33.646900Z,1771406553627,interval,"0,3,1905,1004"
fn_1771406553839.jpg,2026-02-18T09:22:33.857933Z,1771406553839,interval,"0,3,1905,1004"
fn_1771406554035.jpg,2026-02-18T09:22:34.082465Z,1771406554035,interval,"0,3,1905,1004"
fn_1771406554232.jpg,2026-02-18T09:22:34.278949Z,1771406554232,interval,"0,3,1905,1004"
fn_1771406554433.jpg,2026-02-18T09:22:34.458305Z,1771406554433,interval,"0,3,1905,1004"
fn_1771406554637.jpg,2026-02-18T09:22:34.662041Z,1771406554637,interval,"0,3,1905,1004"
fn_1771406554833.jpg,2026-02-18T09:22:34.847252Z,1771406554833,interval,"0,3,1905,1004"
fn_1771406555058.jpg,2026-02-18T09:22:35.079185Z,1771406555058,interval,"0,3,1905,1004"
fn_1771406555256.jpg,2026-02-18T09:22:35.302045Z,1771406555256,interval,"0,3,1905,1004"
fn_1771406555456.jpg,2026-02-18T09:22:35.477919Z,1771406555456,interval,"0,3,1905,1004"
fn_1771406555653.jpg,2026-02-18T09:22:35.675812Z,1771406555653,interval,"0,3,1905,1004"
fn_1771406555866.jpg,2026-02-18T09:22:35.887343Z,1771406555866,interval,"0,3,1905,1004"
fn_1771406556085.jpg,2026-02-18T09:22:36.106274Z,1771406556085,interval,"0,3,1905,1004"
fn_1771406556280.jpg,2026-02-18T09:22:36.328546Z,1771406556280,interval,"0,3,1905,1004"
fn_1771406556492.jpg,2026-02-18T09:22:36.544629Z,1771406556492,interval,"0,3,1905,1004"
fn_1771406556685.jpg,2026-02-18T09:22:36.740986Z,1771406556685,interval,"0,3,1905,1004"
fn_1771406556886.jpg,2026-02-18T09:22:36.911109Z,1771406556886,interval,"0,3,1905,1004"
fn_1771406557107.jpg,2026-02-18T09:22:37.122977Z,1771406557107,interval,"0,3,1905,1004"
fn_1771406557315.jpg,2026-02-18T09:22:37.366261Z,1771406557315,interval,"0,3,1905,1004"
fn_1771406557510.jpg,2026-02-18T09:22:37.560835Z,1771406557510,interval,"0,3,1905,1004"
fn_1771406557701.jpg,2026-02-18T09:22:37.733682Z,1771406557701,interval,"0,3,1905,1004"
fn_1771406557902.jpg,2026-02-18T09:22:37.923485Z,1771406557902,interval,"0,3,1905,1004"
fn_1771406558118.jpg,2026-02-18T09:22:38.170679Z,1771406558118,interval,"0,3,1905,1004"
fn_1771406558319.jpg,2026-02-18T09:22:38.336679Z,1771406558319,interval,"0,3,1905,1004"
fn_1771406558540.jpg,2026-02-18T09:22:38.592686Z,1771406558540,interval,"0,3,1905,1004"
fn_1771406558743.jpg,2026-02-18T09:22:38.795997Z,1771406558743,interval,"0,3,1905,1004"
fn_1771406558937.jpg,2026-02-18T09:22:38.986237Z,1771406558937,interval,"0,3,1905,1004"
fn_1771406559139.jpg,2026-02-18T09:22:39.162973Z,1771406559139,interval,"0,3,1905,1004"
fn_1771406559352.jpg,2026-02-18T09:22:39.409351Z,1771406559352,interval,"0,3,1905,1004"
fn_1771406559552.jpg,2026-02-18T09:22:39.607523Z,1771406559552,interval,"0,3,1905,1004"
fn_1771406559762.jpg,2026-02-18T09:22:39.816942Z,1771406559762,interval,"0,3,1905,1004"
fn_1771406559987.jpg,2026-02-18T09:22:40.007192Z,1771406559987,interval,"0,3,1905,1004"
fn_1771406560172.jpg,2026-02-18T09:22:40.225374Z,1771406560172,interval,"0,3,1905,1004"
fn_1771406560373.jpg,2026-02-18T09:22:40.397963Z,1771406560373,interval,"0,3,1905,1004"
fn_1771406560585.jpg,2026-02-18T09:22:40.638840Z,1771406560585,interval,"0,3,1905,1004"
fn_1771406560801.jpg,2026-02-18T09:22:40.820286Z,1771406560801,interval,"0,3,1905,1004"
fn_1771406560998.jpg,2026-02-18T09:22:41.016241Z,1771406560998,interval,"0,3,1905,1004"
fn_1771406561208.jpg,2026-02-18T09:22:41.262226Z,1771406561208,interval,"0,3,1905,1004"
fn_1771406561401.jpg,2026-02-18T09:22:41.451675Z,1771406561401,interval,"0,3,1905,1004"
fn_1771406561597.jpg,2026-02-18T09:22:41.654813Z,1771406561597,interval,"0,3,1905,1004"
fn_1771406561809.jpg,2026-02-18T09:22:41.833665Z,1771406561809,interval,"0,3,1905,1004"
fn_1771406562006.jpg,2026-02-18T09:22:42.025155Z,1771406562006,interval,"0,3,1905,1004"
fn_1771406562197.jpg,2026-02-18T09:22:42.247814Z,1771406562197,interval,"0,3,1905,1004"
fn_1771406562427.jpg,2026-02-18T09:22:42.479243Z,1771406562427,interval,"0,3,1905,1004"
fn_1771406562644.jpg,2026-02-18T09:22:42.667993Z,1771406562644,interval,"0,3,1905,1004"
fn_1771406562866.jpg,2026-02-18T09:22:42.887566Z,1771406562866,interval,"0,3,1905,1004"
fn_1771406563032.jpg,2026-02-18T09:22:43.080135Z,1771406563032,interval,"0,3,1905,1004"
fn_1771406563240.jpg,2026-02-18T09:22:43.303585Z,1771406563240,interval,"0,3,1905,1004"
fn_1771406563472.jpg,2026-02-18T09:22:43.542816Z,1771406563472,interval,"0,3,1905,1004"
fn_1771406563682.jpg,2026-02-18T09:22:43.706749Z,1771406563682,interval,"0,3,1905,1004"
fn_1771406563872.jpg,2026-02-18T09:22:43.900312Z,1771406563872,interval,"0,3,1905,1004"
fn_1771406564076.jpg,2026-02-18T09:22:44.102266Z,1771406564076,interval,"0,3,1905,1004"
fn_1771406564276.jpg,2026-02-18T09:22:44.342809Z,1771406564276,interval,"0,3,1905,1004"
fn_1771406564530.jpg,2026-02-18T09:22:44.585210Z,1771406564530,interval,"0,3,1905,1004"
fn_1771406564694.jpg,2026-02-18T09:22:44.750913Z,1771406564694,interval,"0,3,1905,1004"
fn_1771406564895.jpg,2026-02-18T09:22:44.930746Z,1771406564895,interval,"0,3,1905,1004"
fn_1771406565099.jpg,2026-02-18T09:22:45.158039Z,1771406565099,interval,"0,3,1905,1004"
fn_1771406565293.jpg,2026-02-18T09:22:45.351044Z,1771406565293,interval,"0,3,1905,1004"
fn_1771406565508.jpg,2026-02-18T09:22:45.555709Z,1771406565508,interval,"0,3,1905,1004"
fn_1771406565710.jpg,2026-02-18T09:22:45.730599Z,1771406565710,interval,"0,3,1905,1004"
fn_1771406565907.jpg,2026-02-18T09:22:45.925966Z,1771406565907,interval,"0,3,1905,1004"
fn_1771406566135.jpg,2026-02-18T09:22:46.164978Z,1771406566135,interval,"0,3,1905,1004"
fn_1771406566343.jpg,2026-02-18T09:22:46.403857Z,1771406566343,interval,"0,3,1905,1004"
fn_1771406566534.jpg,2026-02-18T09:22:46.564866Z,1771406566534,interval,"0,3,1905,1004"
fn_1771406566732.jpg,2026-02-18T09:22:46.755530Z,1771406566732,interval,"0,3,1905,1004"
fn_1771406566922.jpg,2026-02-18T09:22:46.976174Z,1771406566922,interval,"0,3,1905,1004"
fn_1771406567150.jpg,2026-02-18T09:22:47.178962Z,1771406567150,interval,"0,3,1905,1004"
fn_1771406567363.jpg,2026-02-18T09:22:47.381202Z,1771406567363,interval,"0,3,1905,1004"
fn_1771406567549.jpg,2026-02-18T09:22:47.574176Z,1771406567549,interval,"0,3,1905,1004"
fn_1771406567759.jpg,2026-02-18T09:22:47.778378Z,1771406567759,interval,"0,3,1905,1004"
fn_1771406567958.jpg,2026-02-18T09:22:47.984349Z,1771406567958,interval,"0,3,1905,1004"
fn_1771406568187.jpg,2026-02-18T09:22:48.223204Z,1771406568187,interval,"0,3,1905,1004"
fn_1771406568390.jpg,2026-02-18T09:22:48.409620Z,1771406568390,interval,"0,3,1905,1004"
fn_1771406568578.jpg,2026-02-18T09:22:48.598698Z,1771406568578,interval,"0,3,1905,1004"
fn_1771406568770.jpg,2026-02-18T09:22:48.828283Z,1771406568770,interval,"0,3,1905,1004"
fn_1771406568992.jpg,2026-02-18T09:22:49.023466Z,1771406568992,interval,"0,3,1905,1004"
fn_1771406569190.jpg,2026-02-18T09:22:49.219568Z,1771406569190,interval,"0,3,1905,1004"
fn_1771406569385.jpg,2026-02-18T09:22:49.406774Z,1771406569385,interval,"0,3,1905,1004"
fn_1771406569615.jpg,2026-02-18T09:22:49.676117Z,1771406569615,interval,"0,3,1905,1004"
fn_1771406569839.jpg,2026-02-18T09:22:49.861805Z,1771406569839,interval,"0,3,1905,1004"
fn_1771406570022.jpg,2026-02-18T09:22:50.040052Z,1771406570022,interval,"0,3,1905,1004"
fn_1771406570224.jpg,2026-02-18T09:22:50.242580Z,1771406570224,interval,"0,3,1905,1004"
fn_1771406570424.jpg,2026-02-18T09:22:50.472722Z,1771406570424,interval,"0,3,1905,1004"
fn_1771406570640.jpg,2026-02-18T09:22:50.657572Z,1771406570640,interval,"0,3,1905,1004"
fn_1771406570870.jpg,2026-02-18T09:22:50.903857Z,1771406570870,interval,"0,3,1905,1004"
fn_1771406571047.jpg,2026-02-18T09:22:51.065911Z,1771406571047,interval,"0,3,1905,1004"
fn_1771406571279.jpg,2026-02-18T09:22:51.349387Z,1771406571279,interval,"0,3,1905,1004"
fn_1771406571466.jpg,2026-02-18T09:22:51.532508Z,1771406571466,interval,"0,3,1905,1004"
fn_1771406571690.jpg,2026-02-18T09:22:51.721734Z,1771406571690,interval,"0,3,1905,1004"
fn_1771406571877.jpg,2026-02-18T09:22:51.898407Z,1771406571877,interval,"0,3,1905,1004"
fn_1771406572075.jpg,2026-02-18T09:22:52.093835Z,1771406572075,interval,"0,3,1905,1004"
fn_1771406572306.jpg,2026-02-18T09:22:52.334619Z,1771406572306,interval,"0,3,1905,1004"
fn_1771406572492.jpg,2026-02-18T09:22:52.521014Z,1771406572492,interval,"0,3,1905,1004"
fn_1771406572726.jpg,2026-02-18T09:22:52.750872Z,1771406572726,interval,"0,3,1905,1004"
fn_1771406572925.jpg,2026-02-18T09:22:52.949522Z,1771406572925,interval,"0,3,1905,1004"
fn_1771406573145.jpg,2026-02-18T09:22:53.203843Z,1771406573145,interval,"0,3,1905,1004"
fn_1771406573333.jpg,2026-02-18T09:22:53.350978Z,1771406573333,interval,"0,3,1905,1004"
fn_1771406573542.jpg,2026-02-18T09:22:53.576319Z,1771406573542,interval,"0,3,1905,1004"
fn_1771406573763.jpg,2026-02-18T09:22:53.790102Z,1771406573763,interval,"0,3,1905,1004"
fn_1771406573965.jpg,2026-02-18T09:22:54.024278Z,1771406573965,interval,"0,3,1905,1004"
fn_1771406574153.jpg,2026-02-18T09:22:54.173787Z,1771406574153,interval,"0,3,1905,1004"
fn_1771406574340.jpg,2026-02-18T09:22:54.359861Z,1771406574340,interval,"0,3,1905,1004"
fn_1771406574570.jpg,2026-02-18T09:22:54.613868Z,1771406574570,interval,"0,3,1905,1004"
fn_1771406574764.jpg,2026-02-18T09:22:54.796939Z,1771406574764,interval,"0,3,1905,1004"
fn_1771406574969.jpg,2026-02-18T09:22:55.034773Z,1771406574969,interval,"0,3,1905,1004"
fn_1771406575205.jpg,2026-02-18T09:22:55.242075Z,1771406575205,interval,"0,3,1905,1004"
fn_1771406575376.jpg,2026-02-18T09:22:55.396459Z,1771406575376,interval,"0,3,1905,1004"
fn_1771406575580.jpg,2026-02-18T09:22:55.604490Z,1771406575580,interval,"0,3,1905,1004"
fn_1771406575795.jpg,2026-02-18T09:22:55.830877Z,1771406575795,interval,"0,3,1905,1004"
fn_1771406576032.jpg,2026-02-18T09:22:56.058479Z,1771406576032,interval,"0,3,1905,1004"
fn_1771406576198.jpg,2026-02-18T09:22:56.218744Z,1771406576198,interval,"0,3,1905,1004"
fn_1771406576390.jpg,2026-02-18T09:22:56.412937Z,1771406576390,interval,"0,3,1905,1004"
fn_1771406576625.jpg,2026-02-18T09:22:56.657242Z,1771406576625,interval,"0,3,1905,1004"
fn_1771406576809.jpg,2026-02-18T09:22:56.835313Z,1771406576809,interval,"0,3,1905,1004"
fn_1771406577012.jpg,2026-02-18T09:22:57.039835Z,1771406577012,interval,"0,3,1905,1004"
fn_1771406577275.jpg,2026-02-18T09:22:57.318882Z,1771406577275,interval,"0,3,1905,1004"
fn_1771406577426.jpg,2026-02-18T09:22:57.446993Z,1771406577426,interval,"0,3,1905,1004"
fn_1771406577665.jpg,2026-02-18T09:22:57.705005Z,1771406577665,interval,"0,3,1905,1004"
fn_1771406577824.jpg,2026-02-18T09:22:57.846287Z,1771406577824,interval,"0,3,1905,1004"
fn_1771406578055.jpg,2026-02-18T09:22:58.090134Z,1771406578055,interval,"0,3,1905,1004"
fn_1771406578277.jpg,2026-02-18T09:22:58.314091Z,1771406578277,interval,"0,3,1905,1004"
fn_1771406578444.jpg,2026-02-18T09:22:58.463625Z,1771406578444,interval,"0,3,1905,1004"
fn_1771406578673.jpg,2026-02-18T09:22:58.706888Z,1771406578673,interval,"0,3,1905,1004"
fn_1771406578843.jpg,2026-02-18T09:22:58.865899Z,1771406578843,interval,"0,3,1905,1004"
fn_1771406579062.jpg,2026-02-18T09:22:59.092440Z,1771406579062,interval,"0,3,1905,1004"
fn_1771406579263.jpg,2026-02-18T09:22:59.310908Z,1771406579263,interval,"0,3,1905,1004"
fn_1771406579454.jpg,2026-02-18T09:22:59.475746Z,1771406579454,interval,"0,3,1905,1004"
fn_1771406579666.jpg,2026-02-18T09:22:59.725873Z,1771406579666,interval,"0,3,1905,1004"
fn_1771406579872.jpg,2026-02-18T09:22:59.901108Z,1771406579872,interval,"0,3,1905,1004"
fn_1771406580105.jpg,2026-02-18T09:23:00.159734Z,1771406580105,interval,"0,3,1905,1004"
fn_1771406580327.jpg,2026-02-18T09:23:00.359141Z,1771406580327,interval,"0,3,1905,1004"
fn_1771406580490.jpg,2026-02-18T09:23:00.509122Z,1771406580490,interval,"0,3,1905,1004"
fn_1771406580697.jpg,2026-02-18T09:23:00.719275Z,1771406580697,interval,"0,3,1905,1004"
fn_1771406580895.jpg,2026-02-18T09:23:00.917933Z,1771406580895,interval,"0,3,1905,1004"
fn_1771406581105.jpg,2026-02-18T09:23:01.164646Z,1771406581105,interval,"0,3,1905,1004"
fn_1771406581341.jpg,2026-02-18T09:23:01.382643Z,1771406581341,interval,"0,3,1905,1004"
fn_1771406581518.jpg,2026-02-18T09:23:01.570743Z,1771406581518,interval,"0,3,1905,1004"
fn_1771406581760.jpg,2026-02-18T09:23:01.795482Z,1771406581760,interval,"0,3,1905,1004"
fn_1771406581940.jpg,2026-02-18T09:23:01.996903Z,1771406581940,interval,"0,3,1905,1004"
fn_1771406582152.jpg,2026-02-18T09:23:02.176581Z,1771406582152,interval,"0,3,1905,1004"
fn_1771406582356.jpg,2026-02-18T09:23:02.384135Z,1771406582356,interval,"0,3,1905,1004"
fn_1771406582545.jpg,2026-02-18T09:23:02.562147Z,1771406582545,interval,"0,3,1905,1004"
fn_1771406582749.jpg,2026-02-18T09:23:02.775062Z,1771406582749,interval,"0,3,1905,1004"
fn_1771406582958.jpg,2026-02-18T09:23:02.977560Z,1771406582958,interval,"0,3,1905,1004"
fn_1771406583154.jpg,2026-02-18T09:23:03.175363Z,1771406583154,interval,"0,3,1905,1004"
fn_1771406583355.jpg,2026-02-18T09:23:03.408356Z,1771406583355,interval,"0,3,1905,1004"
fn_1771406583573.jpg,2026-02-18T09:23:03.598363Z,1771406583573,interval,"0,3,1905,1004"
fn_1771406583769.jpg,2026-02-18T09:23:03.788881Z,1771406583769,interval,"0,3,1905,1004"
fn_1771406583975.jpg,2026-02-18T09:23:03.998073Z,1771406583975,interval,"0,3,1905,1004"
fn_1771406584191.jpg,2026-02-18T09:23:04.239831Z,1771406584191,interval,"0,3,1905,1004"
fn_1771406584389.jpg,2026-02-18T09:23:04.408946Z,1771406584389,interval,"0,3,1905,1004"
fn_1771406584597.jpg,2026-02-18T09:23:04.655480Z,1771406584597,interval,"0,3,1905,1004"
fn_1771406584810.jpg,2026-02-18T09:23:04.839976Z,1771406584810,interval,"0,3,1905,1004"
fn_1771406585009.jpg,2026-02-18T09:23:05.032847Z,1771406585009,interval,"0,3,1905,1004"
fn_1771406585192.jpg,2026-02-18T09:23:05.214019Z,1771406585192,interval,"0,3,1905,1004"
fn_1771406585406.jpg,2026-02-18T09:23:05.425473Z,1771406585406,interval,"0,3,1905,1004"
fn_1771406585618.jpg,2026-02-18T09:23:05.653263Z,1771406585618,interval,"0,3,1905,1004"
fn_1771406585839.jpg,2026-02-18T09:23:05.868215Z,1771406585839,interval,"0,3,1905,1004"
fn_1771406586034.jpg,2026-02-18T09:23:06.062582Z,1771406586034,interval,"0,3,1905,1004"
fn_1771406586229.jpg,2026-02-18T09:23:06.260522Z,1771406586229,interval,"0,3,1905,1004"
fn_1771406586442.jpg,2026-02-18T09:23:06.480694Z,1771406586442,interval,"0,3,1905,1004"
fn_1771406586639.jpg,2026-02-18T09:23:06.665866Z,1771406586639,interval,"0,3,1905,1004"
fn_1771406586870.jpg,2026-02-18T09:23:06.903970Z,1771406586870,interval,"0,3,1905,1004"
fn_1771406587077.jpg,2026-02-18T09:23:07.102077Z,1771406587077,interval,"0,3,1905,1004"
fn_1771406587276.jpg,2026-02-18T09:23:07.304141Z,1771406587276,interval,"0,3,1905,1004"
fn_1771406587477.jpg,2026-02-18T09:23:07.509893Z,1771406587477,interval,"0,3,1905,1004"
fn_1771406587685.jpg,2026-02-18T09:23:07.728005Z,1771406587685,interval,"0,3,1905,1004"
fn_1771406587894.jpg,2026-02-18T09:23:07.924743Z,1771406587894,interval,"0,3,1905,1004"
fn_1771406588110.jpg,2026-02-18T09:23:08.145420Z,1771406588110,interval,"0,3,1905,1004"
fn_1771406588325.jpg,2026-02-18T09:23:08.360654Z,1771406588325,interval,"0,3,1905,1004"
fn_1771406588544.jpg,2026-02-18T09:23:08.569187Z,1771406588544,interval,"0,3,1905,1004"
fn_1771406588711.jpg,2026-02-18T09:23:08.728457Z,1771406588711,interval,"0,3,1905,1004"
fn_1771406588923.jpg,2026-02-18T09:23:08.942312Z,1771406588923,interval,"0,3,1905,1004"
fn_1771406589130.jpg,2026-02-18T09:23:09.162099Z,1771406589130,interval,"0,3,1905,1004"
fn_1771406589364.jpg,2026-02-18T09:23:09.404442Z,1771406589364,interval,"0,3,1905,1004"
fn_1771406589541.jpg,2026-02-18T09:23:09.580141Z,1771406589541,interval,"0,3,1905,1004"
fn_1771406589750.jpg,2026-02-18T09:23:09.800772Z,1771406589750,interval,"0,3,1905,1004"
fn_1771406589960.jpg,2026-02-18T09:23:09.981839Z,1771406589960,interval,"0,3,1905,1004"
fn_1771406590139.jpg,2026-02-18T09:23:10.165599Z,1771406590139,interval,"0,3,1905,1004"
fn_1771406590368.jpg,2026-02-18T09:23:10.410002Z,1771406590368,interval,"0,3,1905,1004"
fn_1771406590568.jpg,2026-02-18T09:23:10.600065Z,1771406590568,interval,"0,3,1905,1004"
fn_1771406590778.jpg,2026-02-18T09:23:10.801766Z,1771406590778,interval,"0,3,1905,1004"
fn_1771406590990.jpg,2026-02-18T09:23:11.024795Z,1771406590990,interval,"0,3,1905,1004"
fn_1771406591203.jpg,2026-02-18T09:23:11.227375Z,1771406591203,interval,"0,3,1905,1004"
fn_1771406591378.jpg,2026-02-18T09:23:11.400006Z,1771406591378,interval,"0,3,1905,1004"
fn_1771406591574.jpg,2026-02-18T09:23:11.613907Z,1771406591574,interval,"0,3,1905,1004"
fn_1771406591778.jpg,2026-02-18T09:23:11.804608Z,1771406591778,interval,"0,3,1905,1004"
fn_1771406591999.jpg,2026-02-18T09:23:12.033735Z,1771406591999,interval,"0,3,1905,1004"
fn_1771406592190.jpg,2026-02-18T09:23:12.228923Z,1771406592190,interval,"0,3,1905,1004"
fn_1771406592396.jpg,2026-02-18T09:23:12.415785Z,1771406592396,interval,"0,3,1905,1004"
fn_1771406592632.jpg,2026-02-18T09:23:12.669832Z,1771406592632,interval,"0,3,1905,1004"
fn_1771406592840.jpg,2026-02-18T09:23:12.889285Z,1771406592840,interval,"0,3,1905,1004"
fn_1771406593012.jpg,2026-02-18T09:23:13.031646Z,1771406593012,interval,"0,3,1905,1004"
fn_1771406593228.jpg,2026-02-18T09:23:13.258227Z,1771406593228,interval,"0,3,1905,1004"
fn_1771406593425.jpg,2026-02-18T09:23:13.454631Z,1771406593425,interval,"0,3,1905,1004"
fn_1771406593624.jpg,2026-02-18T09:23:13.680753Z,1771406593624,interval,"0,3,1905,1004"
fn_1771406593843.jpg,2026-02-18T09:23:13.866580Z,1771406593843,interval,"0,3,1905,1004"
fn_1771406594070.jpg,2026-02-18T09:23:14.103833Z,1771406594070,interval,"0,3,1905,1004"
fn_1771406594259.jpg,2026-02-18T09:23:14.282326Z,1771406594259,interval,"0,3,1905,1004"
fn_1771406594465.jpg,2026-02-18T09:23:14.494883Z,1771406594465,interval,"0,3,1905,1004"
fn_1771406594660.jpg,2026-02-18T09:23:14.695719Z,1771406594660,interval,"0,3,1905,1004"
fn_1771406594875.jpg,2026-02-18T09:23:14.907371Z,1771406594875,interval,"0,3,1905,1004"
fn_1771406595067.jpg,2026-02-18T09:23:15.093607Z,1771406595067,interval,"0,3,1905,1004"
fn_1771406595278.jpg,2026-02-18T09:23:15.297021Z,1771406595278,interval,"0,3,1905,1004"
fn_1771406595477.jpg,2026-02-18T09:23:15.512083Z,1771406595477,interval,"0,3,1905,1004"
fn_1771406595696.jpg,2026-02-18T09:23:15.731022Z,1771406595696,interval,"0,3,1905,1004"
fn_1771406595885.jpg,2026-02-18T09:23:15.913513Z,1771406595885,interval,"0,3,1905,1004"
fn_1771406596085.jpg,2026-02-18T09:23:16.118429Z,1771406596085,interval,"0,3,1905,1004"
fn_1771406596312.jpg,2026-02-18T09:23:16.337676Z,1771406596312,interval,"0,3,1905,1004"
fn_1771406596503.jpg,2026-02-18T09:23:16.539072Z,1771406596503,interval,"0,3,1905,1004"
fn_1771406596697.jpg,2026-02-18T09:23:16.730702Z,1771406596697,interval,"0,3,1905,1004"
fn_1771406596895.jpg,2026-02-18T09:23:16.917439Z,1771406596895,interval,"0,3,1905,1004"
fn_1771406597106.jpg,2026-02-18T09:23:17.133174Z,1771406597106,interval,"0,3,1905,1004"
fn_1771406597339.jpg,2026-02-18T09:23:17.376246Z,1771406597339,interval,"0,3,1905,1004"
fn_1771406597509.jpg,2026-02-18T09:23:17.527924Z,1771406597509,interval,"0,3,1905,1004"
fn_1771406597742.jpg,2026-02-18T09:23:17.794841Z,1771406597742,interval,"0,3,1905,1004"
fn_1771406597944.jpg,2026-02-18T09:23:17.966253Z,1771406597944,interval,"0,3,1905,1004"
fn_1771406598122.jpg,2026-02-18T09:23:18.142603Z,1771406598122,interval,"0,3,1905,1004"
fn_1771406598329.jpg,2026-02-18T09:23:18.347139Z,1771406598329,interval,"0,3,1905,1004"
fn_1771406598542.jpg,2026-02-18T09:23:18.563322Z,1771406598542,interval,"0,3,1905,1004"
fn_1771406598742.jpg,2026-02-18T09:23:18.773843Z,1771406598742,interval,"0,3,1905,1004"
fn_1771406598957.jpg,2026-02-18T09:23:18.998713Z,1771406598957,interval,"0,3,1905,1004"
fn_1771406599169.jpg,2026-02-18T09:23:19.221903Z,1771406599169,interval,"0,3,1905,1004"
fn_1771406599362.jpg,2026-02-18T09:23:19.387810Z,1771406599362,interval,"0,3,1905,1004"
fn_1771406599555.jpg,2026-02-18T09:23:19.575187Z,1771406599555,interval,"0,3,1905,1004"
fn_1771406599761.jpg,2026-02-18T09:23:19.800932Z,1771406599761,interval,"0,3,1905,1004"
fn_1771406599969.jpg,2026-02-18T09:23:20.070927Z,1771406599969,interval,"0,3,1905,1004"
fn_1771406600180.jpg,2026-02-18T09:23:20.205930Z,1771406600180,interval,"0,3,1905,1004"
fn_1771406600401.jpg,2026-02-18T09:23:20.423084Z,1771406600401,interval,"0,3,1905,1004"
fn_1771406600605.jpg,2026-02-18T09:23:20.631908Z,1771406600605,interval,"0,3,1905,1004"
fn_1771406600799.jpg,2026-02-18T09:23:20.816855Z,1771406600799,interval,"0,3,1905,1004"
fn_1771406601010.jpg,2026-02-18T09:23:21.033158Z,1771406601010,interval,"0,3,1905,1004"
fn_1771406601207.jpg,2026-02-18T09:23:21.225027Z,1771406601207,interval,"0,3,1905,1004"
fn_1771406601411.jpg,2026-02-18T09:23:21.434790Z,1771406601411,interval,"0,3,1905,1004"
fn_1771406601606.jpg,2026-02-18T09:23:21.630339Z,1771406601606,interval,"0,3,1905,1004"
fn_1771406601824.jpg,2026-02-18T09:23:21.848683Z,1771406601824,interval,"0,3,1905,1004"
fn_1771406602029.jpg,2026-02-18T09:23:22.047738Z,1771406602029,interval,"0,3,1905,1004"
fn_1771406602242.jpg,2026-02-18T09:23:22.293502Z,1771406602242,interval,"0,3,1905,1004"
fn_1771406602451.jpg,2026-02-18T09:23:22.480582Z,1771406602451,interval,"0,3,1905,1004"
fn_1771406602638.jpg,2026-02-18T09:23:22.701249Z,1771406602638,interval,"0,3,1905,1004"
fn_1771406602878.jpg,2026-02-18T09:23:22.919016Z,1771406602878,interval,"0,3,1905,1004"
fn_1771406603093.jpg,2026-02-18T09:23:23.135527Z,1771406603093,interval,"0,3,1905,1004"
fn_1771406603274.jpg,2026-02-18T09:23:23.314262Z,1771406603274,interval,"0,3,1905,1004"
fn_1771406603465.jpg,2026-02-18T09:23:23.488175Z,1771406603465,interval,"0,3,1905,1004"
fn_1771406603689.jpg,2026-02-18T09:23:23.718030Z,1771406603689,interval,"0,3,1905,1004"
fn_1771406603877.jpg,2026-02-18T09:23:23.897006Z,1771406603877,interval,"0,3,1905,1004"
fn_1771406604077.jpg,2026-02-18T09:23:24.097305Z,1771406604077,interval,"0,3,1905,1004"
fn_1771406604308.jpg,2026-02-18T09:23:24.365262Z,1771406604308,interval,"0,3,1905,1004"
fn_1771406604509.jpg,2026-02-18T09:23:24.535855Z,1771406604509,interval,"0,3,1905,1004"
fn_1771406604697.jpg,2026-02-18T09:23:24.719208Z,1771406604697,interval,"0,3,1905,1004"
fn_1771406604890.jpg,2026-02-18T09:23:24.912127Z,1771406604890,interval,"0,3,1905,1004"
fn_1771406605110.jpg,2026-02-18T09:23:25.169039Z,1771406605110,interval,"0,3,1905,1004"
fn_1771406605308.jpg,2026-02-18T09:23:25.344908Z,1771406605308,interval,"0,3,1905,1004"
fn_1771406605514.jpg,2026-02-18T09:23:25.543513Z,1771406605514,interval,"0,3,1905,1004"
fn_1771406605739.jpg,2026-02-18T09:23:25.765320Z,1771406605739,interval,"0,3,1905,1004"
fn_1771406605939.jpg,2026-02-18T09:23:25.967159Z,1771406605939,interval,"0,3,1905,1004"
fn_1771406606128.jpg,2026-02-18T09:23:26.148688Z,1771406606128,interval,"0,3,1905,1004"
fn_1771406606352.jpg,2026-02-18T09:23:26.393115Z,1771406606352,interval,"0,3,1905,1004"
fn_1771406606533.jpg,2026-02-18T09:23:26.566322Z,1771406606533,interval,"0,3,1905,1004"
fn_1771406606752.jpg,2026-02-18T09:23:26.787383Z,1771406606752,interval,"0,3,1905,1004"
fn_1771406606946.jpg,2026-02-18T09:23:27.003702Z,1771406606946,interval,"0,3,1905,1004"
fn_1771406607201.jpg,2026-02-18T09:23:27.229003Z,1771406607201,interval,"0,3,1905,1004"
fn_1771406607358.jpg,2026-02-18T09:23:27.379390Z,1771406607358,interval,"0,3,1905,1004"
fn_1771406607558.jpg,2026-02-18T09:23:27.607428Z,1771406607558,interval,"0,3,1905,1004"
fn_1771406607764.jpg,2026-02-18T09:23:27.787209Z,1771406607764,interval,"0,3,1905,1004"
fn_1771406607978.jpg,2026-02-18T09:23:27.994886Z,1771406607978,interval,"0,3,1905,1004"
fn_1771406608185.jpg,2026-02-18T09:23:28.220677Z,1771406608185,interval,"0,3,1905,1004"
fn_1771406608409.jpg,2026-02-18T09:23:28.436467Z,1771406608409,interval,"0,3,1905,1004"
fn_1771406608602.jpg,2026-02-18T09:23:28.630870Z,1771406608602,interval,"0,3,1905,1004"
fn_1771406608795.jpg,2026-02-18T09:23:28.826359Z,1771406608795,interval,"0,3,1905,1004"
fn_1771406609023.jpg,2026-02-18T09:23:29.054404Z,1771406609023,interval,"0,3,1905,1004"
fn_1771406609214.jpg,2026-02-18T09:23:29.233404Z,1771406609214,interval,"0,3,1905,1004"
fn_1771406609413.jpg,2026-02-18T09:23:29.434245Z,1771406609413,interval,"0,3,1905,1004"
fn_1771406609606.jpg,2026-02-18T09:23:29.626507Z,1771406609606,interval,"0,3,1905,1004"
fn_1771406609804.jpg,2026-02-18T09:23:29.827903Z,1771406609804,interval,"0,3,1905,1004"
fn_1771406610009.jpg,2026-02-18T09:23:30.036428Z,1771406610009,interval,"0,3,1905,1004"
fn_1771406610242.jpg,2026-02-18T09:23:30.267214Z,1771406610242,interval,"0,3,1905,1004"
fn_1771406610474.jpg,2026-02-18T09:23:30.504359Z,1771406610474,interval,"0,3,1905,1004"
fn_1771406610644.jpg,2026-02-18T09:23:30.664495Z,1771406610644,interval,"0,3,1905,1004"
fn_1771406610843.jpg,2026-02-18T09:23:30.869778Z,1771406610843,interval,"0,3,1905,1004"
fn_1771406611048.jpg,2026-02-18T09:23:31.065833Z,1771406611048,interval,"0,3,1905,1004"
fn_1771406611255.jpg,2026-02-18T09:23:31.303898Z,1771406611255,interval,"0,3,1905,1004"
fn_1771406611454.jpg,2026-02-18T09:23:31.475285Z,1771406611454,interval,"0,3,1905,1004"
fn_1771406611658.jpg,2026-02-18T09:23:31.676144Z,1771406611658,interval,"0,3,1905,1004"
fn_1771406611854.jpg,2026-02-18T09:23:31.876656Z,1771406611854,interval,"0,3,1905,1004"
fn_1771406612072.jpg,2026-02-18T09:23:32.089528Z,1771406612072,interval,"0,3,1905,1004"
fn_1771406612274.jpg,2026-02-18T09:23:32.307521Z,1771406612274,interval,"0,3,1905,1004"
fn_1771406612527.jpg,2026-02-18T09:23:32.567927Z,1771406612527,interval,"0,3,1905,1004"
fn_1771406612695.jpg,2026-02-18T09:23:32.714646Z,1771406612695,interval,"0,3,1905,1004"
fn_1771406612901.jpg,2026-02-18T09:23:32.933501Z,1771406612901,interval,"0,3,1905,1004"
fn_1771406613102.jpg,2026-02-18T09:23:33.120762Z,1771406613102,interval,"0,3,1905,1004"
fn_1771406613320.jpg,2026-02-18T09:23:33.377347Z,1771406613320,interval,"0,3,1905,1004"
fn_1771406613520.jpg,2026-02-18T09:23:33.543317Z,1771406613520,interval,"0,3,1905,1004"
fn_1771406613736.jpg,2026-02-18T09:23:33.789888Z,1771406613736,interval,"0,3,1905,1004"
fn_1771406613940.jpg,2026-02-18T09:23:34.001030Z,1771406613940,interval,"0,3,1905,1004"
fn_1771406614141.jpg,2026-02-18T09:23:34.196567Z,1771406614141,interval,"0,3,1905,1004"
fn_1771406614340.jpg,2026-02-18T09:23:34.368539Z,1771406614340,interval,"0,3,1905,1004"
fn_1771406614575.jpg,2026-02-18T09:23:34.629305Z,1771406614575,interval,"0,3,1905,1004"
fn_1771406614778.jpg,2026-02-18T09:23:34.804420Z,1771406614778,interval,"0,3,1905,1004"
fn_1771406614964.jpg,2026-02-18T09:23:34.990299Z,1771406614964,interval,"0,3,1905,1004"
fn_1771406615184.jpg,2026-02-18T09:23:35.205693Z,1771406615184,interval,"0,3,1905,1004"
fn_1771406615372.jpg,2026-02-18T09:23:35.391059Z,1771406615372,interval,"0,3,1905,1004"
fn_1771406615605.jpg,2026-02-18T09:23:35.667881Z,1771406615605,interval,"0,3,1905,1004"
fn_1771406615796.jpg,2026-02-18T09:23:35.846900Z,1771406615796,interval,"0,3,1905,1004"
fn_1771406615987.jpg,2026-02-18T09:23:36.045572Z,1771406615987,interval,"0,3,1905,1004"
fn_1771406616235.jpg,2026-02-18T09:23:36.288385Z,1771406616235,interval,"0,3,1905,1004"
fn_1771406616419.jpg,2026-02-18T09:23:36.439791Z,1771406616419,interval,"0,3,1905,1004"
fn_1771406616605.jpg,2026-02-18T09:23:36.624579Z,1771406616605,interval,"0,3,1905,1004"
fn_1771406616813.jpg,2026-02-18T09:23:36.840689Z,1771406616813,interval,"0,3,1905,1004"
fn_1771406617022.jpg,2026-02-18T09:23:37.074343Z,1771406617022,interval,"0,3,1905,1004"
fn_1771406617232.jpg,2026-02-18T09:23:37.250762Z,1771406617232,interval,"0,3,1905,1004"
fn_1771406617435.jpg,2026-02-18T09:23:37.489196Z,1771406617435,interval,"0,3,1905,1004"
fn_1771406617643.jpg,2026-02-18T09:23:37.696544Z,1771406617643,interval,"0,3,1905,1004"
fn_1771406617839.jpg,2026-02-18T09:23:37.867628Z,1771406617839,interval,"0,3,1905,1004"
fn_1771406618036.jpg,2026-02-18T09:23:38.097664Z,1771406618036,interval,"0,3,1905,1004"
fn_1771406618298.jpg,2026-02-18T09:23:38.336897Z,1771406618298,interval,"0,3,1905,1004"
fn_1771406618468.jpg,2026-02-18T09:23:38.518346Z,1771406618468,interval,"0,3,1905,1004"
fn_1771406618676.jpg,2026-02-18T09:23:38.727286Z,1771406618676,interval,"0,3,1905,1004"
fn_1771406618880.jpg,2026-02-18T09:23:38.907449Z,1771406618880,interval,"0,3,1905,1004"
fn_1771406619088.jpg,2026-02-18T09:23:39.121017Z,1771406619088,interval,"0,3,1905,1004"
fn_1771406619289.jpg,2026-02-18T09:23:39.312299Z,1771406619289,interval,"0,3,1905,1004"
fn_1771406619505.jpg,2026-02-18T09:23:39.558241Z,1771406619505,interval,"0,3,1905,1004"
fn_1771406619689.jpg,2026-02-18T09:23:39.738418Z,1771406619689,interval,"0,3,1905,1004"
fn_1771406619907.jpg,2026-02-18T09:23:39.969271Z,1771406619907,interval,"0,3,1905,1004"
fn_1771406620085.jpg,2026-02-18T09:23:40.106598Z,1771406620085,interval,"0,3,1905,1004"
fn_1771406620287.jpg,2026-02-18T09:23:40.342173Z,1771406620287,interval,"0,3,1905,1004"
fn_1771406620510.jpg,2026-02-18T09:23:40.534473Z,1771406620510,interval,"0,3,1905,1004"
fn_1771406620707.jpg,2026-02-18T09:23:40.732176Z,1771406620707,interval,"0,3,1905,1004"
fn_1771406620923.jpg,2026-02-18T09:23:40.946786Z,1771406620923,interval,"0,3,1905,1004"
fn_1771406621152.jpg,2026-02-18T09:23:41.218645Z,1771406621152,interval,"0,3,1905,1004"
fn_1771406621329.jpg,2026-02-18T09:23:41.380264Z,1771406621329,interval,"0,3,1905,1004"
fn_1771406621529.jpg,2026-02-18T09:23:41.565325Z,1771406621529,interval,"0,3,1905,1004"
fn_1771406621734.jpg,2026-02-18T09:23:41.803021Z,1771406621734,interval,"0,3,1905,1004"
fn_1771406621944.jpg,2026-02-18T09:23:41.964485Z,1771406621944,interval,"0,3,1905,1004"
fn_1771406622183.jpg,2026-02-18T09:23:42.239684Z,1771406622183,interval,"0,3,1905,1004"
fn_1771406622350.jpg,2026-02-18T09:23:42.373746Z,1771406622350,interval,"0,3,1905,1004"
fn_1771406622560.jpg,2026-02-18T09:23:42.582142Z,1771406622560,interval,"0,3,1905,1004"
fn_1771406622750.jpg,2026-02-18T09:23:42.771012Z,1771406622750,interval,"0,3,1905,1004"
fn_1771406622978.jpg,2026-02-18T09:23:43.040831Z,1771406622978,interval,"0,3,1905,1004"
fn_1771406623179.jpg,2026-02-18T09:23:43.197542Z,1771406623179,interval,"0,3,1905,1004"
fn_1771406623377.jpg,2026-02-18T09:23:43.397380Z,1771406623377,interval,"0,3,1905,1004"
fn_1771406623588.jpg,2026-02-18T09:23:43.656579Z,1771406623588,interval,"0,3,1905,1004"
fn_1771406623810.jpg,2026-02-18T09:23:43.847073Z,1771406623810,interval,"0,3,1905,1004"
fn_1771406624014.jpg,2026-02-18T09:23:44.083068Z,1771406624014,interval,"0,3,1905,1004"
fn_1771406624214.jpg,2026-02-18T09:23:44.274972Z,1771406624214,interval,"0,3,1905,1004"
fn_1771406624401.jpg,2026-02-18T09:23:44.460407Z,1771406624401,interval,"0,3,1905,1004"
fn_1771406624601.jpg,2026-02-18T09:23:44.623679Z,1771406624601,interval,"0,3,1905,1004"
fn_1771406624824.jpg,2026-02-18T09:23:44.857478Z,1771406624824,interval,"0,3,1905,1004"
fn_1771406625005.jpg,2026-02-18T09:23:45.060609Z,1771406625005,interval,"0,3,1905,1004"
fn_1771406625204.jpg,2026-02-18T09:23:45.264454Z,1771406625204,interval,"0,3,1905,1004"
fn_1771406625414.jpg,2026-02-18T09:23:45.474906Z,1771406625414,interval,"0,3,1905,1004"
fn_1771406625648.jpg,2026-02-18T09:23:45.708914Z,1771406625648,interval,"0,3,1905,1004"
fn_1771406625823.jpg,2026-02-18T09:23:45.847660Z,1771406625823,interval,"0,3,1905,1004"
fn_1771406626025.jpg,2026-02-18T09:23:46.075061Z,1771406626025,interval,"0,3,1905,1004"
fn_1771406626243.jpg,2026-02-18T09:23:46.301101Z,1771406626243,interval,"0,3,1905,1004"
fn_1771406626454.jpg,2026-02-18T09:23:46.525880Z,1771406626454,interval,"0,3,1905,1004"
fn_1771406626653.jpg,2026-02-18T09:23:46.684914Z,1771406626653,interval,"0,3,1905,1004"
fn_1771406626855.jpg,2026-02-18T09:23:46.874789Z,1771406626855,interval,"0,3,1905,1004"
fn_1771406627056.jpg,2026-02-18T09:23:47.076156Z,1771406627056,interval,"0,3,1905,1004"
fn_1771406627264.jpg,2026-02-18T09:23:47.290198Z,1771406627264,interval,"0,3,1905,1004"
fn_1771406627453.jpg,2026-02-18T09:23:47.510638Z,1771406627453,interval,"0,3,1905,1004"
fn_1771406627680.jpg,2026-02-18T09:23:47.733662Z,1771406627680,interval,"0,3,1905,1004"
fn_1771406627858.jpg,2026-02-18T09:23:47.878182Z,1771406627858,interval,"0,3,1905,1004"
fn_1771406628059.jpg,2026-02-18T09:23:48.080427Z,1771406628059,interval,"0,3,1905,1004"
fn_1771406628286.jpg,2026-02-18T09:23:48.321984Z,1771406628286,interval,"0,3,1905,1004"
fn_1771406628485.jpg,2026-02-18T09:23:48.510281Z,1771406628485,interval,"0,3,1905,1004"
fn_1771406628697.jpg,2026-02-18T09:23:48.722650Z,1771406628697,interval,"0,3,1905,1004"
fn_1771406628870.jpg,2026-02-18T09:23:48.890987Z,1771406628870,interval,"0,3,1905,1004"
fn_1771406629104.jpg,2026-02-18T09:23:49.129681Z,1771406629104,interval,"0,3,1905,1004"
fn_1771406629311.jpg,2026-02-18T09:23:49.364123Z,1771406629311,interval,"0,3,1905,1004"
fn_1771406629512.jpg,2026-02-18T09:23:49.564300Z,1771406629512,interval,"0,3,1905,1004"
fn_1771406629729.jpg,2026-02-18T09:23:49.757241Z,1771406629729,interval,"0,3,1905,1004"
fn_1771406629914.jpg,2026-02-18T09:23:49.971108Z,1771406629914,interval,"0,3,1905,1004"
fn_1771406630129.jpg,2026-02-18T09:23:50.182028Z,1771406630129,interval,"0,3,1905,1004"
fn_1771406630329.jpg,2026-02-18T09:23:50.380668Z,1771406630329,interval,"0,3,1905,1004"
fn_1771406630525.jpg,2026-02-18T09:23:50.557356Z,1771406630525,interval,"0,3,1905,1004"
fn_1771406630772.jpg,2026-02-18T09:23:50.800488Z,1771406630772,interval,"0,3,1905,1004"
fn_1771406630938.jpg,2026-02-18T09:23:50.957232Z,1771406630938,interval,"0,3,1905,1004"
fn_1771406631192.jpg,2026-02-18T09:23:51.225341Z,1771406631192,interval,"0,3,1905,1004"
fn_1771406631360.jpg,2026-02-18T09:23:51.379514Z,1771406631360,interval,"0,3,1905,1004"
fn_1771406631577.jpg,2026-02-18T09:23:51.633223Z,1771406631577,interval,"0,3,1905,1004"
fn_1771406631797.jpg,2026-02-18T09:23:51.818665Z,1771406631797,interval,"0,3,1905,1004"
fn_1771406632008.jpg,2026-02-18T09:23:52.074690Z,1771406632008,interval,"0,3,1905,1004"
fn_1771406632195.jpg,2026-02-18T09:23:52.216405Z,1771406632195,interval,"0,3,1905,1004"
fn_1771406632399.jpg,2026-02-18T09:23:52.450989Z,1771406632399,interval,"0,3,1905,1004"
fn_1771406632592.jpg,2026-02-18T09:23:52.610461Z,1771406632592,interval,"0,3,1905,1004"
fn_1771406632808.jpg,2026-02-18T09:23:52.836281Z,1771406632808,interval,"0,3,1905,1004"
fn_1771406633006.jpg,2026-02-18T09:23:53.035099Z,1771406633006,interval,"0,3,1905,1004"
fn_1771406633212.jpg,2026-02-18T09:23:53.232446Z,1771406633212,interval,"0,3,1905,1004"
fn_1771406633405.jpg,2026-02-18T09:23:53.467097Z,1771406633405,interval,"0,3,1905,1004"
fn_1771406633609.jpg,2026-02-18T09:23:53.636492Z,1771406633609,interval,"0,3,1905,1004"
fn_1771406633828.jpg,2026-02-18T09:23:53.853845Z,1771406633828,interval,"0,3,1905,1004"
fn_1771406634034.jpg,2026-02-18T09:23:54.058530Z,1771406634034,interval,"0,3,1905,1004"
fn_1771406634226.jpg,2026-02-18T09:23:54.274944Z,1771406634226,interval,"0,3,1905,1004"
fn_1771406634453.jpg,2026-02-18T09:23:54.521753Z,1771406634453,interval,"0,3,1905,1004"
fn_1771406634647.jpg,2026-02-18T09:23:54.669703Z,1771406634647,interval,"0,3,1905,1004"
fn_1771406634835.jpg,2026-02-18T09:23:54.862062Z,1771406634835,interval,"0,3,1905,1004"
fn_1771406635060.jpg,2026-02-18T09:23:55.087746Z,1771406635060,interval,"0,3,1905,1004"
fn_1771406635287.jpg,2026-02-18T09:23:55.322581Z,1771406635287,interval,"0,3,1905,1004"
fn_1771406635463.jpg,2026-02-18T09:23:55.485255Z,1771406635463,interval,"0,3,1905,1004"
fn_1771406635659.jpg,2026-02-18T09:23:55.708181Z,1771406635659,interval,"0,3,1905,1004"
fn_1771406635913.jpg,2026-02-18T09:23:55.946600Z,1771406635913,interval,"0,3,1905,1004"
fn_1771406636100.jpg,2026-02-18T09:23:56.136117Z,1771406636100,interval,"0,3,1905,1004"
fn_1771406636285.jpg,2026-02-18T09:23:56.338421Z,1771406636285,interval,"0,3,1905,1004"
fn_1771406636475.jpg,2026-02-18T09:23:56.495190Z,1771406636475,interval,"0,3,1905,1004"
fn_1771406636688.jpg,2026-02-18T09:23:56.706206Z,1771406636688,interval,"0,3,1905,1004"
fn_1771406636888.jpg,2026-02-18T09:23:56.913929Z,1771406636888,interval,"0,3,1905,1004"
fn_1771406637090.jpg,2026-02-18T09:23:57.111685Z,1771406637090,interval,"0,3,1905,1004"
fn_1771406637344.jpg,2026-02-18T09:23:57.378296Z,1771406637344,interval,"0,3,1905,1004"
fn_1771406637540.jpg,2026-02-18T09:23:57.563691Z,1771406637540,interval,"0,3,1905,1004"
fn_1771406637713.jpg,2026-02-18T09:23:57.766027Z,1771406637713,interval,"0,3,1905,1004"
fn_1771406637909.jpg,2026-02-18T09:23:57.935257Z,1771406637909,interval,"0,3,1905,1004"
fn_1771406638109.jpg,2026-02-18T09:23:58.127585Z,1771406638109,interval,"0,3,1905,1004"
fn_1771406638333.jpg,2026-02-18T09:23:58.359197Z,1771406638333,interval,"0,3,1905,1004"
fn_1771406638554.jpg,2026-02-18T09:23:58.585987Z,1771406638554,interval,"0,3,1905,1004"
fn_1771406638723.jpg,2026-02-18T09:23:58.744069Z,1771406638723,interval,"0,3,1905,1004"
fn_1771406638928.jpg,2026-02-18T09:23:58.990745Z,1771406638928,interval,"0,3,1905,1004"
fn_1771406639175.jpg,2026-02-18T09:23:59.212640Z,1771406639175,interval,"0,3,1905,1004"
fn_1771406639354.jpg,2026-02-18T09:23:59.425166Z,1771406639354,interval,"0,3,1905,1004"
fn_1771406639566.jpg,2026-02-18T09:23:59.597192Z,1771406639566,interval,"0,3,1905,1004"
fn_1771406639746.jpg,2026-02-18T09:23:59.793745Z,1771406639746,interval,"0,3,1905,1004"
fn_1771406639962.jpg,2026-02-18T09:23:59.980472Z,1771406639962,interval,"0,3,1905,1004"
fn_1771406640160.jpg,2026-02-18T09:24:00.185431Z,1771406640160,interval,"0,3,1905,1004"
fn_1771406640367.jpg,2026-02-18T09:24:00.396511Z,1771406640367,interval,"0,3,1905,1004"
fn_1771406640622.jpg,2026-02-18T09:24:00.676871Z,1771406640622,interval,"0,3,1905,1004"
fn_1771406640776.jpg,2026-02-18T09:24:00.795465Z,1771406640776,interval,"0,3,1905,1004"
fn_1771406640975.jpg,2026-02-18T09:24:00.996405Z,1771406640975,interval,"0,3,1905,1004"
fn_1771406641170.jpg,2026-02-18T09:24:01.231704Z,1771406641170,interval,"0,3,1905,1004"
fn_1771406641384.jpg,2026-02-18T09:24:01.411834Z,1771406641384,interval,"0,3,1905,1004"
fn_1771406641622.jpg,2026-02-18T09:24:01.650994Z,1771406641622,interval,"0,3,1905,1004"
fn_1771406641790.jpg,2026-02-18T09:24:01.810374Z,1771406641790,interval,"0,3,1905,1004"
fn_1771406641990.jpg,2026-02-18T09:24:02.019985Z,1771406641990,interval,"0,3,1905,1004"
fn_1771406642210.jpg,2026-02-18T09:24:02.231465Z,1771406642210,interval,"0,3,1905,1004"
fn_1771406642405.jpg,2026-02-18T09:24:02.460837Z,1771406642405,interval,"0,3,1905,1004"
fn_1771406642637.jpg,2026-02-18T09:24:02.667094Z,1771406642637,interval,"0,3,1905,1004"
fn_1771406642852.jpg,2026-02-18T09:24:02.882124Z,1771406642852,interval,"0,3,1905,1004"
fn_1771406643029.jpg,2026-02-18T09:24:03.081890Z,1771406643029,interval,"0,3,1905,1004"
fn_1771406643221.jpg,2026-02-18T09:24:03.242052Z,1771406643221,interval,"0,3,1905,1004"
fn_1771406643421.jpg,2026-02-18T09:24:03.570409Z,1771406643421,interval,"0,3,1905,1004"
fn_1771406643642.jpg,2026-02-18T09:24:03.667470Z,1771406643642,interval,"0,3,1905,1004"
fn_1771406643835.jpg,2026-02-18T09:24:03.853656Z,1771406643835,interval,"0,3,1905,1004"
fn_1771406644038.jpg,2026-02-18T09:24:04.066318Z,1771406644038,interval,"0,3,1905,1004"
fn_1771406644236.jpg,2026-02-18T09:24:04.254461Z,1771406644236,interval,"0,3,1905,1004"
fn_1771406644449.jpg,2026-02-18T09:24:04.474868Z,1771406644449,interval,"0,3,1905,1004"
fn_1771406644688.jpg,2026-02-18T09:24:04.718149Z,1771406644688,interval,"0,3,1905,1004"
fn_1771406644864.jpg,2026-02-18T09:24:04.883137Z,1771406644864,interval,"0,3,1905,1004"
fn_1771406645055.jpg,2026-02-18T09:24:05.074311Z,1771406645055,interval,"0,3,1905,1004"
fn_1771406645296.jpg,2026-02-18T09:24:05.339409Z,1771406645296,interval,"0,3,1905,1004"
fn_1771406645499.jpg,2026-02-18T09:24:05.530044Z,1771406645499,interval,"0,3,1905,1004"
fn_1771406645677.jpg,2026-02-18T09:24:05.702673Z,1771406645677,interval,"0,3,1905,1004"
fn_1771406645875.jpg,2026-02-18T09:24:05.898619Z,1771406645875,interval,"0,3,1905,1004"
fn_1771406646115.jpg,2026-02-18T09:24:06.154621Z,1771406646115,interval,"0,3,1905,1004"
fn_1771406646311.jpg,2026-02-18T09:24:06.329998Z,1771406646311,interval,"0,3,1905,1004"
fn_1771406646492.jpg,2026-02-18T09:24:06.543872Z,1771406646492,interval,"0,3,1905,1004"
fn_1771406646686.jpg,2026-02-18T09:24:06.705885Z,1771406646686,interval,"0,3,1905,1004"
fn_1771406646894.jpg,2026-02-18T09:24:06.920385Z,1771406646894,interval,"0,3,1905,1004"
fn_1771406647136.jpg,2026-02-18T09:24:07.170798Z,1771406647136,interval,"0,3,1905,1004"
fn_1771406647314.jpg,2026-02-18T09:24:07.332767Z,1771406647314,interval,"0,3,1905,1004"
fn_1771406647509.jpg,2026-02-18T09:24:07.528468Z,1771406647509,interval,"0,3,1905,1004"
fn_1771406647738.jpg,2026-02-18T09:24:07.766465Z,1771406647738,interval,"0,3,1905,1004"
fn_1771406647935.jpg,2026-02-18T09:24:07.955773Z,1771406647935,interval,"0,3,1905,1004"
fn_1771406648145.jpg,2026-02-18T09:24:08.163705Z,1771406648145,interval,"0,3,1905,1004"
fn_1771406648342.jpg,2026-02-18T09:24:08.362610Z,1771406648342,interval,"0,3,1905,1004"
fn_1771406648560.jpg,2026-02-18T09:24:08.583102Z,1771406648560,interval,"0,3,1905,1004"
fn_1771406648760.jpg,2026-02-18T09:24:08.828081Z,1771406648760,interval,"0,3,1905,1004"
fn_1771406648966.jpg,2026-02-18T09:24:09.036147Z,1771406648966,interval,"0,3,1905,1004"
fn_1771406649184.jpg,2026-02-18T09:24:09.235431Z,1771406649184,interval,"0,3,1905,1004"
fn_1771406649385.jpg,2026-02-18T09:24:09.438240Z,1771406649385,interval,"0,3,1905,1004"
fn_1771406649575.jpg,2026-02-18T09:24:09.628675Z,1771406649575,interval,"0,3,1905,1004"
fn_1771406649776.jpg,2026-02-18T09:24:09.795667Z,1771406649776,interval,"0,3,1905,1004"
fn_1771406649994.jpg,2026-02-18T09:24:10.015747Z,1771406649994,interval,"0,3,1905,1004"
fn_1771406650189.jpg,2026-02-18T09:24:10.251215Z,1771406650189,interval,"0,3,1905,1004"
fn_1771406650390.jpg,2026-02-18T09:24:10.429509Z,1771406650390,interval,"0,3,1905,1004"
fn_1771406650610.jpg,2026-02-18T09:24:10.644792Z,1771406650610,interval,"0,3,1905,1004"
fn_1771406650829.jpg,2026-02-18T09:24:10.850839Z,1771406650829,interval,"0,3,1905,1004"
fn_1771406651020.jpg,2026-02-18T09:24:11.048085Z,1771406651020,interval,"0,3,1905,1004"
fn_1771406651211.jpg,2026-02-18T09:24:11.233477Z,1771406651211,interval,"0,3,1905,1004"
fn_1771406651457.jpg,2026-02-18T09:24:11.492410Z,1771406651457,interval,"0,3,1905,1004"
fn_1771406651636.jpg,2026-02-18T09:24:11.690179Z,1771406651636,interval,"0,3,1905,1004"
fn_1771406651846.jpg,2026-02-18T09:24:11.870434Z,1771406651846,interval,"0,3,1905,1004"
fn_1771406652040.jpg,2026-02-18T09:24:12.100981Z,1771406652040,interval,"0,3,1905,1004"
fn_1771406652257.jpg,2026-02-18T09:24:12.286941Z,1771406652257,interval,"0,3,1905,1004"
fn_1771406652488.jpg,2026-02-18T09:24:12.548696Z,1771406652488,interval,"0,3,1905,1004"
fn_1771406652662.jpg,2026-02-18T09:24:12.710053Z,1771406652662,interval,"0,3,1905,1004"
fn_1771406652860.jpg,2026-02-18T09:24:12.881140Z,1771406652860,interval,"0,3,1905,1004"
fn_1771406653061.jpg,2026-02-18T09:24:13.124654Z,1771406653061,interval,"0,3,1905,1004"
fn_1771406653274.jpg,2026-02-18T09:24:13.310727Z,1771406653274,interval,"0,3,1905,1004"
fn_1771406653474.jpg,2026-02-18T09:24:13.540099Z,1771406653474,interval,"0,3,1905,1004"
fn_1771406653677.jpg,2026-02-18T09:24:13.732953Z,1771406653677,interval,"0,3,1905,1004"
fn_1771406653879.jpg,2026-02-18T09:24:13.909753Z,1771406653879,interval,"0,3,1905,1004"
fn_1771406654096.jpg,2026-02-18T09:24:14.131752Z,1771406654096,interval,"0,3,1905,1004"
fn_1771406654289.jpg,2026-02-18T09:24:14.340189Z,1771406654289,interval,"0,3,1905,1004"
fn_1771406654517.jpg,2026-02-18T09:24:14.546091Z,1771406654517,interval,"0,3,1905,1004"
fn_1771406654716.jpg,2026-02-18T09:24:14.769000Z,1771406654716,interval,"0,3,1905,1004"
fn_1771406654902.jpg,2026-02-18T09:24:14.935773Z,1771406654902,interval,"0,3,1905,1004"
fn_1771406655132.jpg,2026-02-18T09:24:15.159963Z,1771406655132,interval,"0,3,1905,1004"
fn_1771406655326.jpg,2026-02-18T09:24:15.346627Z,1771406655326,interval,"0,3,1905,1004"
fn_1771406655530.jpg,2026-02-18T09:24:15.550250Z,1771406655530,interval,"0,3,1905,1004"
fn_1771406655756.jpg,2026-02-18T09:24:15.790189Z,1771406655756,interval,"0,3,1905,1004"
fn_1771406655948.jpg,2026-02-18T09:24:15.976390Z,1771406655948,interval,"0,3,1905,1004"
fn_1771406656140.jpg,2026-02-18T09:24:16.171167Z,1771406656140,interval,"0,3,1905,1004"
fn_1771406656369.jpg,2026-02-18T09:24:16.397783Z,1771406656369,interval,"0,3,1905,1004"
fn_1771406656561.jpg,2026-02-18T09:24:16.579574Z,1771406656561,interval,"0,3,1905,1004"
fn_1771406656774.jpg,2026-02-18T09:24:16.795627Z,1771406656774,interval,"0,3,1905,1004"
fn_1771406656960.jpg,2026-02-18T09:24:16.981164Z,1771406656960,interval,"0,3,1905,1004"
fn_1771406657179.jpg,2026-02-18T09:24:17.199816Z,1771406657179,interval,"0,3,1905,1004"
fn_1771406657398.jpg,2026-02-18T09:24:17.425125Z,1771406657398,interval,"0,3,1905,1004"
fn_1771406657580.jpg,2026-02-18T09:24:17.610915Z,1771406657580,interval,"0,3,1905,1004"
fn_1771406657783.jpg,2026-02-18T09:24:17.836814Z,1771406657783,interval,"0,3,1905,1004"
fn_1771406658029.jpg,2026-02-18T09:24:18.069269Z,1771406658029,interval,"0,3,1905,1004"
fn_1771406658190.jpg,2026-02-18T09:24:18.211023Z,1771406658190,interval,"0,3,1905,1004"
fn_1771406658389.jpg,2026-02-18T09:24:18.409313Z,1771406658389,interval,"0,3,1905,1004"
fn_1771406658609.jpg,2026-02-18T09:24:18.640632Z,1771406658609,interval,"0,3,1905,1004"
fn_1771406658800.jpg,2026-02-18T09:24:18.835283Z,1771406658800,interval,"0,3,1905,1004"
fn_1771406659040.jpg,2026-02-18T09:24:19.088422Z,1771406659040,interval,"0,3,1905,1004"
fn_1771406659206.jpg,2026-02-18T09:24:19.224833Z,1771406659206,interval,"0,3,1905,1004"
fn_1771406659423.jpg,2026-02-18T09:24:19.484282Z,1771406659423,interval,"0,3,1905,1004"
fn_1771406659634.jpg,2026-02-18T09:24:19.668907Z,1771406659634,interval,"0,3,1905,1004"
fn_1771406659854.jpg,2026-02-18T09:24:19.885448Z,1771406659854,interval,"0,3,1905,1004"
fn_1771406660060.jpg,2026-02-18T09:24:20.096315Z,1771406660060,interval,"0,3,1905,1004"
fn_1771406660247.jpg,2026-02-18T09:24:20.266575Z,1771406660247,interval,"0,3,1905,1004"
fn_1771406660440.jpg,2026-02-18T09:24:20.489626Z,1771406660440,interval,"0,3,1905,1004"
fn_1771406660640.jpg,2026-02-18T09:24:20.656824Z,1771406660640,interval,"0,3,1905,1004"
fn_1771406660838.jpg,2026-02-18T09:24:20.854814Z,1771406660838,interval,"0,3,1905,1004"
fn_1771406661070.jpg,2026-02-18T09:24:21.106453Z,1771406661070,interval,"0,3,1905,1004"
fn_1771406661270.jpg,2026-02-18T09:24:21.300629Z,1771406661270,interval,"0,3,1905,1004"
fn_1771406661462.jpg,2026-02-18T09:24:21.488120Z,1771406661462,interval,"0,3,1905,1004"
fn_1771406661661.jpg,2026-02-18T09:24:21.720856Z,1771406661661,interval,"0,3,1905,1004"
fn_1771406661878.jpg,2026-02-18T09:24:21.916831Z,1771406661878,interval,"0,3,1905,1004"
fn_1771406662098.jpg,2026-02-18T09:24:22.132648Z,1771406662098,interval,"0,3,1905,1004"
fn_1771406662279.jpg,2026-02-18T09:24:22.305138Z,1771406662279,interval,"0,3,1905,1004"
fn_1771406662490.jpg,2026-02-18T09:24:22.510078Z,1771406662490,interval,"0,3,1905,1004"
fn_1771406662712.jpg,2026-02-18T09:24:22.762182Z,1771406662712,interval,"0,3,1905,1004"
fn_1771406662940.jpg,2026-02-18T09:24:22.979746Z,1771406662940,interval,"0,3,1905,1004"
fn_1771406663107.jpg,2026-02-18T09:24:23.165761Z,1771406663107,interval,"0,3,1905,1004"
fn_1771406663327.jpg,2026-02-18T09:24:23.357708Z,1771406663327,interval,"0,3,1905,1004"
fn_1771406663518.jpg,2026-02-18T09:24:23.542650Z,1771406663518,interval,"0,3,1905,1004"
fn_1771406663749.jpg,2026-02-18T09:24:23.795432Z,1771406663749,interval,"0,3,1905,1004"
fn_1771406663908.jpg,2026-02-18T09:24:23.986165Z,1771406663908,interval,"0,3,1905,1004"
fn_1771406664137.jpg,2026-02-18T09:24:24.164022Z,1771406664137,interval,"0,3,1905,1004"
fn_1771406664331.jpg,2026-02-18T09:24:24.359545Z,1771406664331,interval,"0,3,1905,1004"
fn_1771406664579.jpg,2026-02-18T09:24:24.626491Z,1771406664579,interval,"0,3,1905,1004"
fn_1771406664746.jpg,2026-02-18T09:24:24.762679Z,1771406664746,interval,"0,3,1905,1004"
fn_1771406664941.jpg,2026-02-18T09:24:24.964734Z,1771406664941,interval,"0,3,1905,1004"
fn_1771406665160.jpg,2026-02-18T09:24:25.188123Z,1771406665160,interval,"0,3,1905,1004"
fn_1771406665334.jpg,2026-02-18T09:24:25.349398Z,1771406665334,interval,"0,3,1905,1004"
fn_1771406665537.jpg,2026-02-18T09:24:25.552782Z,1771406665537,interval,"0,3,1905,1004"
fn_1771406703013.jpg,2026-02-18T09:25:03.056653Z,1771406703013,interval,"0,3,1905,1004"
fn_1771406703212.jpg,2026-02-18T09:25:03.254559Z,1771406703212,interval,"0,3,1905,1004"
fn_1771406703413.jpg,2026-02-18T09:25:03.426651Z,1771406703413,interval,"0,3,1905,1004"
fn_1771406703617.jpg,2026-02-18T09:25:03.631725Z,1771406703617,interval,"0,3,1905,1004"
fn_1771406703816.jpg,2026-02-18T09:25:03.832449Z,1771406703816,interval,"0,3,1905,1004"
fn_1771406704017.jpg,2026-02-18T09:25:04.031846Z,1771406704017,interval,"0,3,1905,1004"
fn_1771406704231.jpg,2026-02-18T09:25:04.244415Z,1771406704231,interval,"0,3,1905,1004"
fn_1771406704442.jpg,2026-02-18T09:25:04.485341Z,1771406704442,interval,"0,3,1905,1004"
fn_1771406704640.jpg,2026-02-18T09:25:04.691680Z,1771406704640,interval,"0,3,1905,1004"
fn_1771406704869.jpg,2026-02-18T09:25:04.888210Z,1771406704869,interval,"0,3,1905,1004"
fn_1771406705054.jpg,2026-02-18T09:25:05.075591Z,1771406705054,interval,"0,3,1905,1004"
fn_1771406705251.jpg,2026-02-18T09:25:05.273093Z,1771406705251,interval,"0,3,1905,1004"
fn_1771406705473.jpg,2026-02-18T09:25:05.499266Z,1771406705473,interval,"0,3,1905,1004"
fn_1771406705678.jpg,2026-02-18T09:25:05.698573Z,1771406705678,interval,"0,3,1905,1004"
fn_1771406705890.jpg,2026-02-18T09:25:05.907625Z,1771406705890,interval,"0,3,1905,1004"
fn_1771406706092.jpg,2026-02-18T09:25:06.112191Z,1771406706092,interval,"0,3,1905,1004"
fn_1771406706300.jpg,2026-02-18T09:25:06.319552Z,1771406706300,interval,"0,3,1905,1004"
fn_1771406706483.jpg,2026-02-18T09:25:06.527986Z,1771406706483,interval,"0,3,1905,1004"
fn_1771406706707.jpg,2026-02-18T09:25:06.728594Z,1771406706707,interval,"0,3,1905,1004"
fn_1771406706901.jpg,2026-02-18T09:25:06.922295Z,1771406706901,interval,"0,3,1905,1004"
fn_1771406707102.jpg,2026-02-18T09:25:07.127537Z,1771406707102,interval,"0,3,1905,1004"
fn_1771406707319.jpg,2026-02-18T09:25:07.336818Z,1771406707319,interval,"0,3,1905,1004"
fn_1771406707521.jpg,2026-02-18T09:25:07.547564Z,1771406707521,interval,"0,3,1905,1004"
fn_1771406707722.jpg,2026-02-18T09:25:07.742579Z,1771406707722,interval,"0,3,1905,1004"
fn_1771406707917.jpg,2026-02-18T09:25:07.940009Z,1771406707917,interval,"0,3,1905,1004"
fn_1771406708135.jpg,2026-02-18T09:25:08.153757Z,1771406708135,interval,"0,3,1905,1004"
fn_1771406708344.jpg,2026-02-18T09:25:08.361958Z,1771406708344,interval,"0,3,1905,1004"
fn_1771406708557.jpg,2026-02-18T09:25:08.574752Z,1771406708557,interval,"0,3,1905,1004"
fn_1771406708750.jpg,2026-02-18T09:25:08.773288Z,1771406708750,interval,"0,3,1905,1004"
fn_1771406708950.jpg,2026-02-18T09:25:08.972978Z,1771406708950,interval,"0,3,1905,1004"
fn_1771406709175.jpg,2026-02-18T09:25:09.193271Z,1771406709175,interval,"0,3,1905,1004"
fn_1771406709377.jpg,2026-02-18T09:25:09.428979Z,1771406709377,interval,"0,3,1905,1004"
fn_1771406709595.jpg,2026-02-18T09:25:09.634942Z,1771406709595,interval,"0,3,1905,1004"
fn_1771406709792.jpg,2026-02-18T09:25:09.813601Z,1771406709792,interval,"0,3,1905,1004"
fn_1771406709989.jpg,2026-02-18T09:25:10.008446Z,1771406709989,interval,"0,3,1905,1004"
fn_1771406710183.jpg,2026-02-18T09:25:10.239126Z,1771406710183,interval,"0,3,1905,1004"
fn_1771406710418.jpg,2026-02-18T09:25:10.436779Z,1771406710418,interval,"0,3,1905,1004"
fn_1771406710618.jpg,2026-02-18T09:25:10.637296Z,1771406710618,interval,"0,3,1905,1004"
fn_1771406710825.jpg,2026-02-18T09:25:10.846401Z,1771406710825,interval,"0,3,1905,1004"
fn_1771406711016.jpg,2026-02-18T09:25:11.036192Z,1771406711016,interval,"0,3,1905,1004"
fn_1771406711236.jpg,2026-02-18T09:25:11.257479Z,1771406711236,interval,"0,3,1905,1004"
fn_1771406711433.jpg,2026-02-18T09:25:11.484751Z,1771406711433,interval,"0,3,1905,1004"
fn_1771406711633.jpg,2026-02-18T09:25:11.654872Z,1771406711633,interval,"0,3,1905,1004"
fn_1771406711839.jpg,2026-02-18T09:25:11.863492Z,1771406711839,interval,"0,3,1905,1004"
fn_1771406712057.jpg,2026-02-18T09:25:12.075455Z,1771406712057,interval,"0,3,1905,1004"
fn_1771406712250.jpg,2026-02-18T09:25:12.307458Z,1771406712250,interval,"0,3,1905,1004"
fn_1771406712470.jpg,2026-02-18T09:25:12.537063Z,1771406712470,interval,"0,3,1905,1004"
fn_1771406712692.jpg,2026-02-18T09:25:12.745632Z,1771406712692,interval,"0,3,1905,1004"
fn_1771406712872.jpg,2026-02-18T09:25:12.891890Z,1771406712872,interval,"0,3,1905,1004"
fn_1771406713072.jpg,2026-02-18T09:25:13.093974Z,1771406713072,interval,"0,3,1905,1004"
fn_1771406713290.jpg,2026-02-18T09:25:13.309598Z,1771406713290,interval,"0,3,1905,1004"
fn_1771406713501.jpg,2026-02-18T09:25:13.567114Z,1771406713501,interval,"0,3,1905,1004"
fn_1771406713708.jpg,2026-02-18T09:25:13.762478Z,1771406713708,interval,"0,3,1905,1004"
fn_1771406713913.jpg,2026-02-18T09:25:13.929146Z,1771406713913,interval,"0,3,1905,1004"
fn_1771406714103.jpg,2026-02-18T09:25:14.123629Z,1771406714103,interval,"0,3,1905,1004"
fn_1771406714307.jpg,2026-02-18T09:25:14.330394Z,1771406714307,interval,"0,3,1905,1004"
fn_1771406714533.jpg,2026-02-18T09:25:14.564273Z,1771406714533,interval,"0,3,1905,1004"
fn_1771406714742.jpg,2026-02-18T09:25:14.767426Z,1771406714742,interval,"0,3,1905,1004"
fn_1771406714923.jpg,2026-02-18T09:25:14.944312Z,1771406714923,interval,"0,3,1905,1004"
fn_1771406715136.jpg,2026-02-18T09:25:15.154554Z,1771406715136,interval,"0,3,1905,1004"
fn_1771406715342.jpg,2026-02-18T09:25:15.368106Z,1771406715342,interval,"0,3,1905,1004"
fn_1771406715537.jpg,2026-02-18T09:25:15.566656Z,1771406715537,interval,"0,3,1905,1004"
fn_1771406715747.jpg,2026-02-18T09:25:15.770809Z,1771406715747,interval,"0,3,1905,1004"
fn_1771406715954.jpg,2026-02-18T09:25:16.005954Z,1771406715954,interval,"0,3,1905,1004"
fn_1771406716153.jpg,2026-02-18T09:25:16.172218Z,1771406716153,interval,"0,3,1905,1004"
fn_1771406716350.jpg,2026-02-18T09:25:16.370680Z,1771406716350,interval,"0,3,1905,1004"
fn_1771406716575.jpg,2026-02-18T09:25:16.631975Z,1771406716575,interval,"0,3,1905,1004"
fn_1771406716795.jpg,2026-02-18T09:25:16.848366Z,1771406716795,interval,"0,3,1905,1004"
fn_1771406716995.jpg,2026-02-18T09:25:17.017543Z,1771406716995,interval,"0,3,1905,1004"
fn_1771406717201.jpg,2026-02-18T09:25:17.224610Z,1771406717201,interval,"0,3,1905,1004"
fn_1771406717421.jpg,2026-02-18T09:25:17.482471Z,1771406717421,interval,"0,3,1905,1004"
fn_1771406717603.jpg,2026-02-18T09:25:17.663525Z,1771406717603,interval,"0,3,1905,1004"
fn_1771406717807.jpg,2026-02-18T09:25:17.837306Z,1771406717807,interval,"0,3,1905,1004"
fn_1771406718023.jpg,2026-02-18T09:25:18.052404Z,1771406718023,interval,"0,3,1905,1004"
fn_1771406718252.jpg,2026-02-18T09:25:18.281883Z,1771406718252,interval,"0,3,1905,1004"
fn_1771406718444.jpg,2026-02-18T09:25:18.475880Z,1771406718444,interval,"0,3,1905,1004"
fn_1771406718642.jpg,2026-02-18T09:25:18.664758Z,1771406718642,interval,"0,3,1905,1004"
fn_1771406718838.jpg,2026-02-18T09:25:18.855306Z,1771406718838,interval,"0,3,1905,1004"
fn_1771406719034.jpg,2026-02-18T09:25:19.059410Z,1771406719034,interval,"0,3,1905,1004"
fn_1771406719235.jpg,2026-02-18T09:25:19.258777Z,1771406719235,interval,"0,3,1905,1004"
fn_1771406719485.jpg,2026-02-18T09:25:19.515991Z,1771406719485,interval,"0,3,1905,1004"
fn_1771406719660.jpg,2026-02-18T09:25:19.676389Z,1771406719660,interval,"0,3,1905,1004"
fn_1771406719855.jpg,2026-02-18T09:25:19.874383Z,1771406719855,interval,"0,3,1905,1004"
fn_1771406720055.jpg,2026-02-18T09:25:20.090757Z,1771406720055,interval,"0,3,1905,1004"
fn_1771406720279.jpg,2026-02-18T09:25:20.301688Z,1771406720279,interval,"0,3,1905,1004"
fn_1771406720468.jpg,2026-02-18T09:25:20.526268Z,1771406720468,interval,"0,3,1905,1004"
fn_1771406720668.jpg,2026-02-18T09:25:20.684987Z,1771406720668,interval,"0,3,1905,1004"
fn_1771406720888.jpg,2026-02-18T09:25:20.908139Z,1771406720888,interval,"0,3,1905,1004"
fn_1771406721118.jpg,2026-02-18T09:25:21.146991Z,1771406721118,interval,"0,3,1905,1004"
fn_1771406721298.jpg,2026-02-18T09:25:21.323157Z,1771406721298,interval,"0,3,1905,1004"
fn_1771406721518.jpg,2026-02-18T09:25:21.542523Z,1771406721518,interval,"0,3,1905,1004"
fn_1771406721698.jpg,2026-02-18T09:25:21.747613Z,1771406721698,interval,"0,3,1905,1004"
fn_1771406721939.jpg,2026-02-18T09:25:21.970890Z,1771406721939,interval,"0,3,1905,1004"
fn_1771406722185.jpg,2026-02-18T09:25:22.206523Z,1771406722185,interval,"0,3,1905,1004"
fn_1771406722329.jpg,2026-02-18T09:25:22.350485Z,1771406722329,interval,"0,3,1905,1004"
fn_1771406722530.jpg,2026-02-18T09:25:22.552072Z,1771406722530,interval,"0,3,1905,1004"
fn_1771406722728.jpg,2026-02-18T09:25:22.749196Z,1771406722728,interval,"0,3,1905,1004"
fn_1771406722953.jpg,2026-02-18T09:25:22.985595Z,1771406722953,interval,"0,3,1905,1004"
fn_1771406723168.jpg,2026-02-18T09:25:23.199327Z,1771406723168,interval,"0,3,1905,1004"
fn_1771406723361.jpg,2026-02-18T09:25:23.395262Z,1771406723361,interval,"0,3,1905,1004"
fn_1771406723564.jpg,2026-02-18T09:25:23.587530Z,1771406723564,interval,"0,3,1905,1004"
fn_1771406723754.jpg,2026-02-18T09:25:23.775224Z,1771406723754,interval,"0,3,1905,1004"
fn_1771406723973.jpg,2026-02-18T09:25:24.006325Z,1771406723973,interval,"0,3,1905,1004"
fn_1771406724215.jpg,2026-02-18T09:25:24.242826Z,1771406724215,interval,"0,3,1905,1004"
fn_1771406724372.jpg,2026-02-18T09:25:24.392805Z,1771406724372,interval,"0,3,1905,1004"
fn_1771406724590.jpg,2026-02-18T09:25:24.645367Z,1771406724590,interval,"0,3,1905,1004"
fn_1771406724785.jpg,2026-02-18T09:25:24.839793Z,1771406724785,interval,"0,3,1905,1004"
fn_1771406724975.jpg,2026-02-18T09:25:25.008681Z,1771406724975,interval,"0,3,1905,1004"
fn_1771406725204.jpg,2026-02-18T09:25:25.240295Z,1771406725204,interval,"0,3,1905,1004"
fn_1771406725390.jpg,2026-02-18T09:25:25.414318Z,1771406725390,interval,"0,3,1905,1004"
fn_1771406725588.jpg,2026-02-18T09:25:25.609533Z,1771406725588,interval,"0,3,1905,1004"
fn_1771406725805.jpg,2026-02-18T09:25:25.824748Z,1771406725805,interval,"0,3,1905,1004"
fn_1771406726016.jpg,2026-02-18T09:25:26.045824Z,1771406726016,interval,"0,3,1905,1004"
fn_1771406726229.jpg,2026-02-18T09:25:26.255304Z,1771406726229,interval,"0,3,1905,1004"
fn_1771406726408.jpg,2026-02-18T09:25:26.423647Z,1771406726408,interval,"0,3,1905,1004"
fn_1771406726606.jpg,2026-02-18T09:25:26.625929Z,1771406726606,interval,"0,3,1905,1004"
fn_1771406726808.jpg,2026-02-18T09:25:26.837690Z,1771406726808,interval,"0,3,1905,1004"
fn_1771406727021.jpg,2026-02-18T09:25:27.042391Z,1771406727021,interval,"0,3,1905,1004"
fn_1771406727219.jpg,2026-02-18T09:25:27.237200Z,1771406727219,interval,"0,3,1905,1004"
fn_1771406727440.jpg,2026-02-18T09:25:27.475563Z,1771406727440,interval,"0,3,1905,1004"
fn_1771406727654.jpg,2026-02-18T09:25:27.675860Z,1771406727654,interval,"0,3,1905,1004"
fn_1771406727837.jpg,2026-02-18T09:25:27.857339Z,1771406727837,interval,"0,3,1905,1004"
fn_1771406728046.jpg,2026-02-18T09:25:28.114643Z,1771406728046,interval,"0,3,1905,1004"
fn_1771406728252.jpg,2026-02-18T09:25:28.286561Z,1771406728252,interval,"0,3,1905,1004"
fn_1771406728469.jpg,2026-02-18T09:25:28.486284Z,1771406728469,interval,"0,3,1905,1004"
fn_1771406728658.jpg,2026-02-18T09:25:28.678851Z,1771406728658,interval,"0,3,1905,1004"
fn_1771406728880.jpg,2026-02-18T09:25:28.907484Z,1771406728880,interval,"0,3,1905,1004"
fn_1771406729059.jpg,2026-02-18T09:25:29.107100Z,1771406729059,interval,"0,3,1905,1004"
fn_1771406729261.jpg,2026-02-18T09:25:29.290024Z,1771406729261,interval,"0,3,1905,1004"
fn_1771406729480.jpg,2026-02-18T09:25:29.506231Z,1771406729480,interval,"0,3,1905,1004"
fn_1771406729689.jpg,2026-02-18T09:25:29.716269Z,1771406729689,interval,"0,3,1905,1004"
fn_1771406729891.jpg,2026-02-18T09:25:29.910944Z,1771406729891,interval,"0,3,1905,1004"
fn_1771406730089.jpg,2026-02-18T09:25:30.111633Z,1771406730089,interval,"0,3,1905,1004"
fn_1771406730289.jpg,2026-02-18T09:25:30.320374Z,1771406730289,interval,"0,3,1905,1004"
fn_1771406730506.jpg,2026-02-18T09:25:30.536836Z,1771406730506,interval,"0,3,1905,1004"
fn_1771406730726.jpg,2026-02-18T09:25:30.780065Z,1771406730726,interval,"0,3,1905,1004"
fn_1771406730935.jpg,2026-02-18T09:25:30.954760Z,1771406730935,interval,"0,3,1905,1004"
fn_1771406731123.jpg,2026-02-18T09:25:31.142419Z,1771406731123,interval,"0,3,1905,1004"
fn_1771406731321.jpg,2026-02-18T09:25:31.346070Z,1771406731321,interval,"0,3,1905,1004"
fn_1771406731569.jpg,2026-02-18T09:25:31.600607Z,1771406731569,interval,"0,3,1905,1004"
fn_1771406731743.jpg,2026-02-18T09:25:31.764513Z,1771406731743,interval,"0,3,1905,1004"
fn_1771406731940.jpg,2026-02-18T09:25:31.960235Z,1771406731940,interval,"0,3,1905,1004"
fn_1771406732185.jpg,2026-02-18T09:25:32.250136Z,1771406732185,interval,"0,3,1905,1004"
fn_1771406732372.jpg,2026-02-18T09:25:32.394342Z,1771406732372,interval,"0,3,1905,1004"
fn_1771406732570.jpg,2026-02-18T09:25:32.605588Z,1771406732570,interval,"0,3,1905,1004"
fn_1771406732756.jpg,2026-02-18T09:25:32.821033Z,1771406732756,interval,"0,3,1905,1004"
fn_1771406733005.jpg,2026-02-18T09:25:33.044663Z,1771406733005,interval,"0,3,1905,1004"
fn_1771406733166.jpg,2026-02-18T09:25:33.229484Z,1771406733166,interval,"0,3,1905,1004"
fn_1771406733402.jpg,2026-02-18T09:25:33.434740Z,1771406733402,interval,"0,3,1905,1004"
fn_1771406733595.jpg,2026-02-18T09:25:33.615777Z,1771406733595,interval,"0,3,1905,1004"
fn_1771406733792.jpg,2026-02-18T09:25:33.811996Z,1771406733792,interval,"0,3,1905,1004"
fn_1771406733990.jpg,2026-02-18T09:25:34.047367Z,1771406733990,interval,"0,3,1905,1004"
fn_1771406734189.jpg,2026-02-18T09:25:34.233233Z,1771406734189,interval,"0,3,1905,1004"
fn_1771406734436.jpg,2026-02-18T09:25:34.468061Z,1771406734436,interval,"0,3,1905,1004"
fn_1771406734609.jpg,2026-02-18T09:25:34.627856Z,1771406734609,interval,"0,3,1905,1004"
fn_1771406734822.jpg,2026-02-18T09:25:34.844788Z,1771406734822,interval,"0,3,1905,1004"
fn_1771406735018.jpg,2026-02-18T09:25:35.038644Z,1771406735018,interval,"0,3,1905,1004"
fn_1771406735253.jpg,2026-02-18T09:25:35.309575Z,1771406735253,interval,"0,3,1905,1004"
fn_1771406735473.jpg,2026-02-18T09:25:35.504210Z,1771406735473,interval,"0,3,1905,1004"
fn_1771406735650.jpg,2026-02-18T09:25:35.676598Z,1771406735650,interval,"0,3,1905,1004"
fn_1771406735879.jpg,2026-02-18T09:25:35.906538Z,1771406735879,interval,"0,3,1905,1004"
fn_1771406736054.jpg,2026-02-18T09:25:36.078099Z,1771406736054,interval,"0,3,1905,1004"
fn_1771406736255.jpg,2026-02-18T09:25:36.274890Z,1771406736255,interval,"0,3,1905,1004"
fn_1771406736465.jpg,2026-02-18T09:25:36.526529Z,1771406736465,interval,"0,3,1905,1004"
fn_1771406736677.jpg,2026-02-18T09:25:36.705399Z,1771406736677,interval,"0,3,1905,1004"
fn_1771406736912.jpg,2026-02-18T09:25:36.946472Z,1771406736912,interval,"0,3,1905,1004"
fn_1771406737095.jpg,2026-02-18T09:25:37.113910Z,1771406737095,interval,"0,3,1905,1004"
fn_1771406737317.jpg,2026-02-18T09:25:37.344109Z,1771406737317,interval,"0,3,1905,1004"
fn_1771406737524.jpg,2026-02-18T09:25:37.556149Z,1771406737524,interval,"0,3,1905,1004"
fn_1771406737712.jpg,2026-02-18T09:25:37.733922Z,1771406737712,interval,"0,3,1905,1004"
fn_1771406737908.jpg,2026-02-18T09:25:37.925935Z,1771406737908,interval,"0,3,1905,1004"
fn_1771406738123.jpg,2026-02-18T09:25:38.143094Z,1771406738123,interval,"0,3,1905,1004"
fn_1771406738322.jpg,2026-02-18T09:25:38.355535Z,1771406738322,interval,"0,3,1905,1004"
fn_1771406738524.jpg,2026-02-18T09:25:38.547912Z,1771406738524,interval,"0,3,1905,1004"
fn_1771406738720.jpg,2026-02-18T09:25:38.781072Z,1771406738720,interval,"0,3,1905,1004"
fn_1771406738936.jpg,2026-02-18T09:25:38.970537Z,1771406738936,interval,"0,3,1905,1004"
fn_1771406739142.jpg,2026-02-18T09:25:39.195629Z,1771406739142,interval,"0,3,1905,1004"
fn_1771406739335.jpg,2026-02-18T09:25:39.358002Z,1771406739335,interval,"0,3,1905,1004"
fn_1771406739560.jpg,2026-02-18T09:25:39.646953Z,1771406739560,interval,"0,3,1905,1004"
fn_1771406739781.jpg,2026-02-18T09:25:39.806989Z,1771406739781,interval,"0,3,1905,1004"
fn_1771406739957.jpg,2026-02-18T09:25:39.978101Z,1771406739957,interval,"0,3,1905,1004"
fn_1771406740154.jpg,2026-02-18T09:25:40.174197Z,1771406740154,interval,"0,3,1905,1004"
fn_1771406740357.jpg,2026-02-18T09:25:40.380708Z,1771406740357,interval,"0,3,1905,1004"
fn_1771406740572.jpg,2026-02-18T09:25:40.590795Z,1771406740572,interval,"0,3,1905,1004"
fn_1771406740796.jpg,2026-02-18T09:25:40.821099Z,1771406740796,interval,"0,3,1905,1004"
fn_1771406740986.jpg,2026-02-18T09:25:41.033199Z,1771406740986,interval,"0,3,1905,1004"
fn_1771406741188.jpg,2026-02-18T09:25:41.208210Z,1771406741188,interval,"0,3,1905,1004"
fn_1771406741411.jpg,2026-02-18T09:25:41.443843Z,1771406741411,interval,"0,3,1905,1004"
fn_1771406741604.jpg,2026-02-18T09:25:41.633495Z,1771406741604,interval,"0,3,1905,1004"
fn_1771406741808.jpg,2026-02-18T09:25:41.832960Z,1771406741808,interval,"0,3,1905,1004"
fn_1771406742024.jpg,2026-02-18T09:25:42.049150Z,1771406742024,interval,"0,3,1905,1004"
fn_1771406742246.jpg,2026-02-18T09:25:42.277226Z,1771406742246,interval,"0,3,1905,1004"
fn_1771406742438.jpg,2026-02-18T09:25:42.479627Z,1771406742438,interval,"0,3,1905,1004"
fn_1771406742654.jpg,2026-02-18T09:25:42.684910Z,1771406742654,interval,"0,3,1905,1004"
fn_1771406742834.jpg,2026-02-18T09:25:42.857111Z,1771406742834,interval,"0,3,1905,1004"
fn_1771406743033.jpg,2026-02-18T09:25:43.055276Z,1771406743033,interval,"0,3,1905,1004"
fn_1771406743250.jpg,2026-02-18T09:25:43.275518Z,1771406743250,interval,"0,3,1905,1004"
fn_1771406743466.jpg,2026-02-18T09:25:43.494974Z,1771406743466,interval,"0,3,1905,1004"
fn_1771406743686.jpg,2026-02-18T09:25:43.711008Z,1771406743686,interval,"0,3,1905,1004"
fn_1771406743878.jpg,2026-02-18T09:25:43.905813Z,1771406743878,interval,"0,3,1905,1004"
fn_1771406744070.jpg,2026-02-18T09:25:44.125057Z,1771406744070,interval,"0,3,1905,1004"
fn_1771406744322.jpg,2026-02-18T09:25:44.355778Z,1771406744322,interval,"0,3,1905,1004"
fn_1771406744500.jpg,2026-02-18T09:25:44.520953Z,1771406744500,interval,"0,3,1905,1004"
fn_1771406744681.jpg,2026-02-18T09:25:44.700682Z,1771406744681,interval,"0,3,1905,1004"
fn_1771406744899.jpg,2026-02-18T09:25:44.924080Z,1771406744899,interval,"0,3,1905,1004"
fn_1771406745098.jpg,2026-02-18T09:25:45.116246Z,1771406745098,interval,"0,3,1905,1004"
fn_1771406745306.jpg,2026-02-18T09:25:45.331617Z,1771406745306,interval,"0,3,1905,1004"
fn_1771406745507.jpg,2026-02-18T09:25:45.532766Z,1771406745507,interval,"0,3,1905,1004"
fn_1771406745724.jpg,2026-02-18T09:25:45.750031Z,1771406745724,interval,"0,3,1905,1004"
fn_1771406745946.jpg,2026-02-18T09:25:45.982355Z,1771406745946,interval,"0,3,1905,1004"
fn_1771406746149.jpg,2026-02-18T09:25:46.196731Z,1771406746149,interval,"0,3,1905,1004"
fn_1771406746320.jpg,2026-02-18T09:25:46.340518Z,1771406746320,interval,"0,3,1905,1004"
fn_1771406746546.jpg,2026-02-18T09:25:46.582920Z,1771406746546,interval,"0,3,1905,1004"
fn_1771406746753.jpg,2026-02-18T09:25:46.775945Z,1771406746753,interval,"0,3,1905,1004"
fn_1771406746939.jpg,2026-02-18T09:25:46.961929Z,1771406746939,interval,"0,3,1905,1004"
fn_1771406747137.jpg,2026-02-18T09:25:47.157628Z,1771406747137,interval,"0,3,1905,1004"
fn_1771406747351.jpg,2026-02-18T09:25:47.382520Z,1771406747351,interval,"0,3,1905,1004"
fn_1771406747566.jpg,2026-02-18T09:25:47.632702Z,1771406747566,interval,"0,3,1905,1004"
fn_1771406747767.jpg,2026-02-18T09:25:47.786670Z,1771406747767,interval,"0,3,1905,1004"
fn_1771406747959.jpg,2026-02-18T09:25:47.979027Z,1771406747959,interval,"0,3,1905,1004"
fn_1771406748174.jpg,2026-02-18T09:25:48.224070Z,1771406748174,interval,"0,3,1905,1004"
fn_1771406748375.jpg,2026-02-18T09:25:48.442173Z,1771406748375,interval,"0,3,1905,1004"
fn_1771406748595.jpg,2026-02-18T09:25:48.618819Z,1771406748595,interval,"0,3,1905,1004"
fn_1771406748789.jpg,2026-02-18T09:25:48.815099Z,1771406748789,interval,"0,3,1905,1004"
fn_1771406749025.jpg,2026-02-18T09:25:49.087813Z,1771406749025,interval,"0,3,1905,1004"
fn_1771406749198.jpg,2026-02-18T09:25:49.215094Z,1771406749198,interval,"0,3,1905,1004"
fn_1771406749405.jpg,2026-02-18T09:25:49.425255Z,1771406749405,interval,"0,3,1905,1004"
fn_1771406749632.jpg,2026-02-18T09:25:49.659231Z,1771406749632,interval,"0,3,1905,1004"
fn_1771406749858.jpg,2026-02-18T09:25:49.890662Z,1771406749858,interval,"0,3,1905,1004"
fn_1771406750024.jpg,2026-02-18T09:25:50.045575Z,1771406750024,interval,"0,3,1905,1004"
fn_1771406750237.jpg,2026-02-18T09:25:50.288387Z,1771406750237,interval,"0,3,1905,1004"
fn_1771406750477.jpg,2026-02-18T09:25:50.518617Z,1771406750477,interval,"0,3,1905,1004"
fn_1771406750664.jpg,2026-02-18T09:25:50.685872Z,1771406750664,interval,"0,3,1905,1004"
fn_1771406750878.jpg,2026-02-18T09:25:50.909085Z,1771406750878,interval,"0,3,1905,1004"
fn_1771406751091.jpg,2026-02-18T09:25:51.138614Z,1771406751091,interval,"0,3,1905,1004"
fn_1771406751258.jpg,2026-02-18T09:25:51.280333Z,1771406751258,interval,"0,3,1905,1004"
fn_1771406751469.jpg,2026-02-18T09:25:51.518561Z,1771406751469,interval,"0,3,1905,1004"
fn_1771406751700.jpg,2026-02-18T09:25:51.729359Z,1771406751700,interval,"0,3,1905,1004"
fn_1771406751882.jpg,2026-02-18T09:25:51.914512Z,1771406751882,interval,"0,3,1905,1004"
fn_1771406752086.jpg,2026-02-18T09:25:52.113997Z,1771406752086,interval,"0,3,1905,1004"
fn_1771406752327.jpg,2026-02-18T09:25:52.364556Z,1771406752327,interval,"0,3,1905,1004"
fn_1771406752520.jpg,2026-02-18T09:25:52.540390Z,1771406752520,interval,"0,3,1905,1004"
fn_1771406752704.jpg,2026-02-18T09:25:52.723400Z,1771406752704,interval,"0,3,1905,1004"
fn_1771406752923.jpg,2026-02-18T09:25:52.948361Z,1771406752923,interval,"0,3,1905,1004"
fn_1771406753121.jpg,2026-02-18T09:25:53.140588Z,1771406753121,interval,"0,3,1905,1004"
fn_1771406753320.jpg,2026-02-18T09:25:53.340885Z,1771406753320,interval,"0,3,1905,1004"
fn_1771406753558.jpg,2026-02-18T09:25:53.624300Z,1771406753558,interval,"0,3,1905,1004"
fn_1771406753742.jpg,2026-02-18T09:25:53.763109Z,1771406753742,interval,"0,3,1905,1004"
fn_1771406753936.jpg,2026-02-18T09:25:53.956370Z,1771406753936,interval,"0,3,1905,1004"
fn_1771406754144.jpg,2026-02-18T09:25:54.180897Z,1771406754144,interval,"0,3,1905,1004"
fn_1771406754340.jpg,2026-02-18T09:25:54.371056Z,1771406754340,interval,"0,3,1905,1004"
fn_1771406754582.jpg,2026-02-18T09:25:54.620750Z,1771406754582,interval,"0,3,1905,1004"
fn_1771406754758.jpg,2026-02-18T09:25:54.778441Z,1771406754758,interval,"0,3,1905,1004"
fn_1771406754953.jpg,2026-02-18T09:25:54.974681Z,1771406754953,interval,"0,3,1905,1004"
fn_1771406755150.jpg,2026-02-18T09:25:55.177525Z,1771406755150,interval,"0,3,1905,1004"
fn_1771406755375.jpg,2026-02-18T09:25:55.399801Z,1771406755375,interval,"0,3,1905,1004"
fn_1771406755572.jpg,2026-02-18T09:25:55.635830Z,1771406755572,interval,"0,3,1905,1004"
fn_1771406755780.jpg,2026-02-18T09:25:55.807886Z,1771406755780,interval,"0,3,1905,1004"
fn_1771406755980.jpg,2026-02-18T09:25:56.001742Z,1771406755980,interval,"0,3,1905,1004"
fn_1771406756169.jpg,2026-02-18T09:25:56.190388Z,1771406756169,interval,"0,3,1905,1004"
fn_1771406756389.jpg,2026-02-18T09:25:56.438836Z,1771406756389,interval,"0,3,1905,1004"
fn_1771406756594.jpg,2026-02-18T09:25:56.626713Z,1771406756594,interval,"0,3,1905,1004"
fn_1771406756832.jpg,2026-02-18T09:25:56.868316Z,1771406756832,interval,"0,3,1905,1004"
fn_1771406757013.jpg,2026-02-18T09:25:57.063960Z,1771406757013,interval,"0,3,1905,1004"
fn_1771406757216.jpg,2026-02-18T09:25:57.264895Z,1771406757216,interval,"0,3,1905,1004"
fn_1771406757416.jpg,2026-02-18T09:25:57.440813Z,1771406757416,interval,"0,3,1905,1004"
fn_1771406757628.jpg,2026-02-18T09:25:57.657383Z,1771406757628,interval,"0,3,1905,1004"
fn_1771406757836.jpg,2026-02-18T09:25:57.865812Z,1771406757836,interval,"0,3,1905,1004"
fn_1771406758040.jpg,2026-02-18T09:25:58.064242Z,1771406758040,interval,"0,3,1905,1004"
fn_1771406758257.jpg,2026-02-18T09:25:58.287116Z,1771406758257,interval,"0,3,1905,1004"
fn_1771406758453.jpg,2026-02-18T09:25:58.490985Z,1771406758453,interval,"0,3,1905,1004"
fn_1771406758661.jpg,2026-02-18T09:25:58.684045Z,1771406758661,interval,"0,3,1905,1004"
fn_1771406758858.jpg,2026-02-18T09:25:58.879819Z,1771406758858,interval,"0,3,1905,1004"
fn_1771406759057.jpg,2026-02-18T09:25:59.076894Z,1771406759057,interval,"0,3,1905,1004"
fn_1771406759268.jpg,2026-02-18T09:25:59.293973Z,1771406759268,interval,"0,3,1905,1004"
fn_1771406759483.jpg,2026-02-18T09:25:59.515832Z,1771406759483,interval,"0,3,1905,1004"
fn_1771406759671.jpg,2026-02-18T09:25:59.731101Z,1771406759671,interval,"0,3,1905,1004"
fn_1771406759884.jpg,2026-02-18T09:25:59.914349Z,1771406759884,interval,"0,3,1905,1004"
fn_1771406760114.jpg,2026-02-18T09:26:00.145476Z,1771406760114,interval,"0,3,1905,1004"
fn_1771406760318.jpg,2026-02-18T09:26:00.352431Z,1771406760318,interval,"0,3,1905,1004"
fn_1771406760525.jpg,2026-02-18T09:26:00.553128Z,1771406760525,interval,"0,3,1905,1004"
fn_1771406760710.jpg,2026-02-18T09:26:00.758708Z,1771406760710,interval,"0,3,1905,1004"
fn_1771406760905.jpg,2026-02-18T09:26:00.937699Z,1771406760905,interval,"0,3,1905,1004"
fn_1771406761115.jpg,2026-02-18T09:26:01.150725Z,1771406761115,interval,"0,3,1905,1004"
fn_1771406761304.jpg,2026-02-18T09:26:01.337571Z,1771406761304,interval,"0,3,1905,1004"
fn_1771406761519.jpg,2026-02-18T09:26:01.550687Z,1771406761519,interval,"0,3,1905,1004"
fn_1771406761719.jpg,2026-02-18T09:26:01.778589Z,1771406761719,interval,"0,3,1905,1004"
fn_1771406761930.jpg,2026-02-18T09:26:01.966420Z,1771406761930,interval,"0,3,1905,1004"
fn_1771406762185.jpg,2026-02-18T09:26:02.214906Z,1771406762185,interval,"0,3,1905,1004"
fn_1771406762337.jpg,2026-02-18T09:26:02.355620Z,1771406762337,interval,"0,3,1905,1004"
fn_1771406762536.jpg,2026-02-18T09:26:02.558868Z,1771406762536,interval,"0,3,1905,1004"
fn_1771406762753.jpg,2026-02-18T09:26:02.773682Z,1771406762753,interval,"0,3,1905,1004"
fn_1771406762956.jpg,2026-02-18T09:26:02.990956Z,1771406762956,interval,"0,3,1905,1004"
fn_1771406763190.jpg,2026-02-18T09:26:03.227867Z,1771406763190,interval,"0,3,1905,1004"
fn_1771406763370.jpg,2026-02-18T09:26:03.390932Z,1771406763370,interval,"0,3,1905,1004"
fn_1771406763572.jpg,2026-02-18T09:26:03.594483Z,1771406763572,interval,"0,3,1905,1004"
fn_1771406763783.jpg,2026-02-18T09:26:03.815475Z,1771406763783,interval,"0,3,1905,1004"
fn_1771406763970.jpg,2026-02-18T09:26:04.023979Z,1771406763970,interval,"0,3,1905,1004"
fn_1771406764211.jpg,2026-02-18T09:26:04.242889Z,1771406764211,interval,"0,3,1905,1004"
fn_1771406764393.jpg,2026-02-18T09:26:04.413676Z,1771406764393,interval,"0,3,1905,1004"
fn_1771406764594.jpg,2026-02-18T09:26:04.619868Z,1771406764594,interval,"0,3,1905,1004"
fn_1771406764817.jpg,2026-02-18T09:26:04.839839Z,1771406764817,interval,"0,3,1905,1004"
fn_1771406765030.jpg,2026-02-18T09:26:05.065062Z,1771406765030,interval,"0,3,1905,1004"
fn_1771406765238.jpg,2026-02-18T09:26:05.307682Z,1771406765238,interval,"0,3,1905,1004"
fn_1771406765419.jpg,2026-02-18T09:26:05.436435Z,1771406765419,interval,"0,3,1905,1004"
fn_1771406765620.jpg,2026-02-18T09:26:05.640660Z,1771406765620,interval,"0,3,1905,1004"
fn_1771406765830.jpg,2026-02-18T09:26:05.850623Z,1771406765830,interval,"0,3,1905,1004"
fn_1771406766025.jpg,2026-02-18T09:26:06.057316Z,1771406766025,interval,"0,3,1905,1004"
fn_1771406766273.jpg,2026-02-18T09:26:06.296582Z,1771406766273,interval,"0,3,1905,1004"
fn_1771406766465.jpg,2026-02-18T09:26:06.499465Z,1771406766465,interval,"0,3,1905,1004"
fn_1771406766641.jpg,2026-02-18T09:26:06.691995Z,1771406766641,interval,"0,3,1905,1004"
fn_1771406766854.jpg,2026-02-18T09:26:06.874445Z,1771406766854,interval,"0,3,1905,1004"
fn_1771406767083.jpg,2026-02-18T09:26:07.119910Z,1771406767083,interval,"0,3,1905,1004"
fn_1771406767298.jpg,2026-02-18T09:26:07.338022Z,1771406767298,interval,"0,3,1905,1004"
fn_1771406767484.jpg,2026-02-18T09:26:07.505713Z,1771406767484,interval,"0,3,1905,1004"
fn_1771406767677.jpg,2026-02-18T09:26:07.694253Z,1771406767677,interval,"0,3,1905,1004"
fn_1771406767890.jpg,2026-02-18T09:26:07.917509Z,1771406767890,interval,"0,3,1905,1004"
fn_1771406768105.jpg,2026-02-18T09:26:08.140118Z,1771406768105,interval,"0,3,1905,1004"
fn_1771406768310.jpg,2026-02-18T09:26:08.339187Z,1771406768310,interval,"0,3,1905,1004"
fn_1771406768544.jpg,2026-02-18T09:26:08.592192Z,1771406768544,interval,"0,3,1905,1004"
fn_1771406768710.jpg,2026-02-18T09:26:08.760805Z,1771406768710,interval,"0,3,1905,1004"
fn_1771406768906.jpg,2026-02-18T09:26:08.926051Z,1771406768906,interval,"0,3,1905,1004"
fn_1771406769126.jpg,2026-02-18T09:26:09.149833Z,1771406769126,interval,"0,3,1905,1004"
fn_1771406769352.jpg,2026-02-18T09:26:09.376047Z,1771406769352,interval,"0,3,1905,1004"
fn_1771406769560.jpg,2026-02-18T09:26:09.617809Z,1771406769560,interval,"0,3,1905,1004"
fn_1771406769724.jpg,2026-02-18T09:26:09.771867Z,1771406769724,interval,"0,3,1905,1004"
fn_1771406769927.jpg,2026-02-18T09:26:09.945675Z,1771406769927,interval,"0,3,1905,1004"
fn_1771406770138.jpg,2026-02-18T09:26:10.194192Z,1771406770138,interval,"0,3,1905,1004"
fn_1771406770350.jpg,2026-02-18T09:26:10.386924Z,1771406770350,interval,"0,3,1905,1004"
fn_1771406770572.jpg,2026-02-18T09:26:10.604215Z,1771406770572,interval,"0,3,1905,1004"
fn_1771406770754.jpg,2026-02-18T09:26:10.804134Z,1771406770754,interval,"0,3,1905,1004"
fn_1771406770955.jpg,2026-02-18T09:26:10.977157Z,1771406770955,interval,"0,3,1905,1004"
fn_1771406771169.jpg,2026-02-18T09:26:11.194044Z,1771406771169,interval,"0,3,1905,1004"
fn_1771406771380.jpg,2026-02-18T09:26:11.444602Z,1771406771380,interval,"0,3,1905,1004"
fn_1771406771591.jpg,2026-02-18T09:26:11.617495Z,1771406771591,interval,"0,3,1905,1004"
fn_1771406771791.jpg,2026-02-18T09:26:11.810237Z,1771406771791,interval,"0,3,1905,1004"
fn_1771406771984.jpg,2026-02-18T09:26:12.003799Z,1771406771984,interval,"0,3,1905,1004"
fn_1771406772193.jpg,2026-02-18T09:26:12.217199Z,1771406772193,interval,"0,3,1905,1004"
fn_1771406772387.jpg,2026-02-18T09:26:12.405346Z,1771406772387,interval,"0,3,1905,1004"
fn_1771406772604.jpg,2026-02-18T09:26:12.622661Z,1771406772604,interval,"0,3,1905,1004"
fn_1771406772813.jpg,2026-02-18T09:26:12.836027Z,1771406772813,interval,"0,3,1905,1004"
fn_1771406773040.jpg,2026-02-18T09:26:13.104962Z,1771406773040,interval,"0,3,1905,1004"
fn_1771406773233.jpg,2026-02-18T09:26:13.259190Z,1771406773233,interval,"0,3,1905,1004"
fn_1771406773455.jpg,2026-02-18T09:26:13.498083Z,1771406773455,interval,"0,3,1905,1004"
fn_1771406773651.jpg,2026-02-18T09:26:13.707465Z,1771406773651,interval,"0,3,1905,1004"
fn_1771406773832.jpg,2026-02-18T09:26:13.849454Z,1771406773832,interval,"0,3,1905,1004"
fn_1771406774048.jpg,2026-02-18T09:26:14.066688Z,1771406774048,interval,"0,3,1905,1004"
fn_1771406774248.jpg,2026-02-18T09:26:14.269075Z,1771406774248,interval,"0,3,1905,1004"
fn_1771406774457.jpg,2026-02-18T09:26:14.482298Z,1771406774457,interval,"0,3,1905,1004"
fn_1771406774656.jpg,2026-02-18T09:26:14.677021Z,1771406774656,interval,"0,3,1905,1004"
fn_1771406774868.jpg,2026-02-18T09:26:14.898087Z,1771406774868,interval,"0,3,1905,1004"
fn_1771406775067.jpg,2026-02-18T09:26:15.123205Z,1771406775067,interval,"0,3,1905,1004"
fn_1771406775283.jpg,2026-02-18T09:26:15.349027Z,1771406775283,interval,"0,3,1905,1004"
fn_1771406775492.jpg,2026-02-18T09:26:15.552835Z,1771406775492,interval,"0,3,1905,1004"
fn_1771406775702.jpg,2026-02-18T09:26:15.763635Z,1771406775702,interval,"0,3,1905,1004"
fn_1771406775916.jpg,2026-02-18T09:26:15.945372Z,1771406775916,interval,"0,3,1905,1004"
fn_1771406776118.jpg,2026-02-18T09:26:16.141642Z,1771406776118,interval,"0,3,1905,1004"
fn_1771406776327.jpg,2026-02-18T09:26:16.350902Z,1771406776327,interval,"0,3,1905,1004"
fn_1771406776500.jpg,2026-02-18T09:26:16.561747Z,1771406776500,interval,"0,3,1905,1004"
fn_1771406776724.jpg,2026-02-18T09:26:16.749491Z,1771406776724,interval,"0,3,1905,1004"
fn_1771406776940.jpg,2026-02-18T09:26:16.968845Z,1771406776940,interval,"0,3,1905,1004"
fn_1771406777130.jpg,2026-02-18T09:26:17.188394Z,1771406777130,interval,"0,3,1905,1004"
fn_1771406777374.jpg,2026-02-18T09:26:17.443663Z,1771406777374,interval,"0,3,1905,1004"
fn_1771406777550.jpg,2026-02-18T09:26:17.572218Z,1771406777550,interval,"0,3,1905,1004"
fn_1771406777755.jpg,2026-02-18T09:26:17.814823Z,1771406777755,interval,"0,3,1905,1004"
fn_1771406777976.jpg,2026-02-18T09:26:18.034622Z,1771406777976,interval,"0,3,1905,1004"
fn_1771406778157.jpg,2026-02-18T09:26:18.177566Z,1771406778157,interval,"0,3,1905,1004"
fn_1771406778370.jpg,2026-02-18T09:26:18.428415Z,1771406778370,interval,"0,3,1905,1004"
fn_1771406778572.jpg,2026-02-18T09:26:18.602909Z,1771406778572,interval,"0,3,1905,1004"
fn_1771406778785.jpg,2026-02-18T09:26:18.840567Z,1771406778785,interval,"0,3,1905,1004"
fn_1771406779008.jpg,2026-02-18T09:26:19.032087Z,1771406779008,interval,"0,3,1905,1004"
fn_1771406779200.jpg,2026-02-18T09:26:19.246946Z,1771406779200,interval,"0,3,1905,1004"
fn_1771406779385.jpg,2026-02-18T09:26:19.437196Z,1771406779385,interval,"0,3,1905,1004"
fn_1771406779593.jpg,2026-02-18T09:26:19.623933Z,1771406779593,interval,"0,3,1905,1004"
fn_1771406779806.jpg,2026-02-18T09:26:19.848828Z,1771406779806,interval,"0,3,1905,1004"
fn_1771406780009.jpg,2026-02-18T09:26:20.039976Z,1771406780009,interval,"0,3,1905,1004"
fn_1771406780238.jpg,2026-02-18T09:26:20.277829Z,1771406780238,interval,"0,3,1905,1004"
fn_1771406780424.jpg,2026-02-18T09:26:20.447194Z,1771406780424,interval,"0,3,1905,1004"
fn_1771406780618.jpg,2026-02-18T09:26:20.671261Z,1771406780618,interval,"0,3,1905,1004"
fn_1771406780829.jpg,2026-02-18T09:26:20.851082Z,1771406780829,interval,"0,3,1905,1004"
fn_1771406781023.jpg,2026-02-18T09:26:21.048178Z,1771406781023,interval,"0,3,1905,1004"
fn_1771406781233.jpg,2026-02-18T09:26:21.281598Z,1771406781233,interval,"0,3,1905,1004"
fn_1771406781450.jpg,2026-02-18T09:26:21.494748Z,1771406781450,interval,"0,3,1905,1004"
fn_1771406781624.jpg,2026-02-18T09:26:21.642672Z,1771406781624,interval,"0,3,1905,1004"
fn_1771406781840.jpg,2026-02-18T09:26:21.864412Z,1771406781840,interval,"0,3,1905,1004"
fn_1771406782040.jpg,2026-02-18T09:26:22.106166Z,1771406782040,interval,"0,3,1905,1004"
fn_1771406782237.jpg,2026-02-18T09:26:22.296165Z,1771406782237,interval,"0,3,1905,1004"
fn_1771406782438.jpg,2026-02-18T09:26:22.466097Z,1771406782438,interval,"0,3,1905,1004"
fn_1771406782637.jpg,2026-02-18T09:26:22.660168Z,1771406782637,interval,"0,3,1905,1004"
fn_1771406782852.jpg,2026-02-18T09:26:22.889052Z,1771406782852,interval,"0,3,1905,1004"
fn_1771406783068.jpg,2026-02-18T09:26:23.091962Z,1771406783068,interval,"0,3,1905,1004"
fn_1771406783258.jpg,2026-02-18T09:26:23.274641Z,1771406783258,interval,"0,3,1905,1004"
fn_1771406783476.jpg,2026-02-18T09:26:23.512821Z,1771406783476,interval,"0,3,1905,1004"
fn_1771406783659.jpg,2026-02-18T09:26:23.715270Z,1771406783659,interval,"0,3,1905,1004"
fn_1771406783853.jpg,2026-02-18T09:26:23.873753Z,1771406783853,interval,"0,3,1905,1004"
fn_1771406784088.jpg,2026-02-18T09:26:24.116869Z,1771406784088,interval,"0,3,1905,1004"
fn_1771406784269.jpg,2026-02-18T09:26:24.319284Z,1771406784269,interval,"0,3,1905,1004"
fn_1771406784488.jpg,2026-02-18T09:26:24.547977Z,1771406784488,interval,"0,3,1905,1004"
fn_1771406784689.jpg,2026-02-18T09:26:24.721810Z,1771406784689,interval,"0,3,1905,1004"
fn_1771406784889.jpg,2026-02-18T09:26:24.920820Z,1771406784889,interval,"0,3,1905,1004"
fn_1771406785106.jpg,2026-02-18T09:26:25.166437Z,1771406785106,interval,"0,3,1905,1004"
fn_1771406785288.jpg,2026-02-18T09:26:25.306235Z,1771406785288,interval,"0,3,1905,1004"
fn_1771406785496.jpg,2026-02-18T09:26:25.517363Z,1771406785496,interval,"0,3,1905,1004"
fn_1771406785706.jpg,2026-02-18T09:26:25.736617Z,1771406785706,interval,"0,3,1905,1004"
fn_1771406785921.jpg,2026-02-18T09:26:25.942175Z,1771406785921,interval,"0,3,1905,1004"
fn_1771406786106.jpg,2026-02-18T09:26:26.122985Z,1771406786106,interval,"0,3,1905,1004"
fn_1771406786300.jpg,2026-02-18T09:26:26.328955Z,1771406786300,interval,"0,3,1905,1004"
fn_1771406786537.jpg,2026-02-18T09:26:26.565850Z,1771406786537,interval,"0,3,1905,1004"
fn_1771406786730.jpg,2026-02-18T09:26:26.751671Z,1771406786730,interval,"0,3,1905,1004"
fn_1771406786925.jpg,2026-02-18T09:26:26.944308Z,1771406786925,interval,"0,3,1905,1004"
fn_1771406787141.jpg,2026-02-18T09:26:27.160438Z,1771406787141,interval,"0,3,1905,1004"
fn_1771406787338.jpg,2026-02-18T09:26:27.369173Z,1771406787338,interval,"0,3,1905,1004"
fn_1771406787555.jpg,2026-02-18T09:26:27.580394Z,1771406787555,interval,"0,3,1905,1004"
fn_1771406787766.jpg,2026-02-18T09:26:27.791897Z,1771406787766,interval,"0,3,1905,1004"
fn_1771406787952.jpg,2026-02-18T09:26:27.974254Z,1771406787952,interval,"0,3,1905,1004"
fn_1771406788157.jpg,2026-02-18T09:26:28.180677Z,1771406788157,interval,"0,3,1905,1004"
fn_1771406788365.jpg,2026-02-18T09:26:28.394643Z,1771406788365,interval,"0,3,1905,1004"
fn_1771406788575.jpg,2026-02-18T09:26:28.604554Z,1771406788575,interval,"0,3,1905,1004"
fn_1771406788780.jpg,2026-02-18T09:26:28.800104Z,1771406788780,interval,"0,3,1905,1004"
fn_1771406788969.jpg,2026-02-18T09:26:29.020888Z,1771406788969,interval,"0,3,1905,1004"
fn_1771406789176.jpg,2026-02-18T09:26:29.206005Z,1771406789176,interval,"0,3,1905,1004"
fn_1771406789384.jpg,2026-02-18T09:26:29.413569Z,1771406789384,interval,"0,3,1905,1004"
fn_1771406789610.jpg,2026-02-18T09:26:29.639106Z,1771406789610,interval,"0,3,1905,1004"
fn_1771406789805.jpg,2026-02-18T09:26:29.835294Z,1771406789805,interval,"0,3,1905,1004"
fn_1771406790035.jpg,2026-02-18T09:26:30.068661Z,1771406790035,interval,"0,3,1905,1004"
fn_1771406790229.jpg,2026-02-18T09:26:30.252990Z,1771406790229,interval,"0,3,1905,1004"
fn_1771406790404.jpg,2026-02-18T09:26:30.422112Z,1771406790404,interval,"0,3,1905,1004"
fn_1771406790612.jpg,2026-02-18T09:26:30.638180Z,1771406790612,interval,"0,3,1905,1004"
fn_1771406790827.jpg,2026-02-18T09:26:30.866006Z,1771406790827,interval,"0,3,1905,1004"
fn_1771406791040.jpg,2026-02-18T09:26:31.075626Z,1771406791040,interval,"0,3,1905,1004"
fn_1771406791249.jpg,2026-02-18T09:26:31.307037Z,1771406791249,interval,"0,3,1905,1004"
fn_1771406791440.jpg,2026-02-18T09:26:31.469426Z,1771406791440,interval,"0,3,1905,1004"
fn_1771406791622.jpg,2026-02-18T09:26:31.640912Z,1771406791622,interval,"0,3,1905,1004"
fn_1771406791824.jpg,2026-02-18T09:26:31.845838Z,1771406791824,interval,"0,3,1905,1004"
fn_1771406792037.jpg,2026-02-18T09:26:32.055330Z,1771406792037,interval,"0,3,1905,1004"
fn_1771406792242.jpg,2026-02-18T09:26:32.280976Z,1771406792242,interval,"0,3,1905,1004"
fn_1771406792476.jpg,2026-02-18T09:26:32.504184Z,1771406792476,interval,"0,3,1905,1004"
fn_1771406792650.jpg,2026-02-18T09:26:32.667456Z,1771406792650,interval,"0,3,1905,1004"
fn_1771406792882.jpg,2026-02-18T09:26:32.925804Z,1771406792882,interval,"0,3,1905,1004"
fn_1771406793079.jpg,2026-02-18T09:26:33.118628Z,1771406793079,interval,"0,3,1905,1004"
fn_1771406793272.jpg,2026-02-18T09:26:33.292699Z,1771406793272,interval,"0,3,1905,1004"
fn_1771406793492.jpg,2026-02-18T09:26:33.525258Z,1771406793492,interval,"0,3,1905,1004"
fn_1771406793684.jpg,2026-02-18T09:26:33.720903Z,1771406793684,interval,"0,3,1905,1004"
fn_1771406793925.jpg,2026-02-18T09:26:33.964130Z,1771406793925,interval,"0,3,1905,1004"
fn_1771406794088.jpg,2026-02-18T09:26:34.125267Z,1771406794088,interval,"0,3,1905,1004"
fn_1771406794285.jpg,2026-02-18T09:26:34.310686Z,1771406794285,interval,"0,3,1905,1004"
fn_1771406794550.jpg,2026-02-18T09:26:34.584576Z,1771406794550,interval,"0,3,1905,1004"
fn_1771406794702.jpg,2026-02-18T09:26:34.735181Z,1771406794702,interval,"0,3,1905,1004"
fn_1771406794925.jpg,2026-02-18T09:26:34.951022Z,1771406794925,interval,"0,3,1905,1004"
fn_1771406795128.jpg,2026-02-18T09:26:35.155684Z,1771406795128,interval,"0,3,1905,1004"
fn_1771406795318.jpg,2026-02-18T09:26:35.359733Z,1771406795318,interval,"0,3,1905,1004"
fn_1771406795528.jpg,2026-02-18T09:26:35.550716Z,1771406795528,interval,"0,3,1905,1004"
fn_1771406795752.jpg,2026-02-18T09:26:35.778357Z,1771406795752,interval,"0,3,1905,1004"
fn_1771406795942.jpg,2026-02-18T09:26:35.960941Z,1771406795942,interval,"0,3,1905,1004"
fn_1771406796137.jpg,2026-02-18T09:26:36.164532Z,1771406796137,interval,"0,3,1905,1004"
fn_1771406796375.jpg,2026-02-18T09:26:36.400741Z,1771406796375,interval,"0,3,1905,1004"
fn_1771406796555.jpg,2026-02-18T09:26:36.574063Z,1771406796555,interval,"0,3,1905,1004"
fn_1771406796755.jpg,2026-02-18T09:26:36.774957Z,1771406796755,interval,"0,3,1905,1004"
fn_1771406797016.jpg,2026-02-18T09:26:37.056403Z,1771406797016,interval,"0,3,1905,1004"
fn_1771406797172.jpg,2026-02-18T09:26:37.193892Z,1771406797172,interval,"0,3,1905,1004"
fn_1771406797383.jpg,2026-02-18T09:26:37.426230Z,1771406797383,interval,"0,3,1905,1004"
fn_1771406797620.jpg,2026-02-18T09:26:37.653393Z,1771406797620,interval,"0,3,1905,1004"
fn_1771406797792.jpg,2026-02-18T09:26:37.813888Z,1771406797792,interval,"0,3,1905,1004"
fn_1771406797994.jpg,2026-02-18T09:26:38.012261Z,1771406797994,interval,"0,3,1905,1004"
fn_1771406798205.jpg,2026-02-18T09:26:38.267473Z,1771406798205,interval,"0,3,1905,1004"
fn_1771406798407.jpg,2026-02-18T09:26:38.444258Z,1771406798407,interval,"0,3,1905,1004"
fn_1771406798618.jpg,2026-02-18T09:26:38.655613Z,1771406798618,interval,"0,3,1905,1004"
fn_1771406798831.jpg,2026-02-18T09:26:38.853437Z,1771406798831,interval,"0,3,1905,1004"
fn_1771406799027.jpg,2026-02-18T09:26:39.057427Z,1771406799027,interval,"0,3,1905,1004"
fn_1771406799223.jpg,2026-02-18T09:26:39.252766Z,1771406799223,interval,"0,3,1905,1004"
fn_1771406799446.jpg,2026-02-18T09:26:39.489545Z,1771406799446,interval,"0,3,1905,1004"
fn_1771406799652.jpg,2026-02-18T09:26:39.676857Z,1771406799652,interval,"0,3,1905,1004"
fn_1771406799835.jpg,2026-02-18T09:26:39.859603Z,1771406799835,interval,"0,3,1905,1004"
fn_1771406800089.jpg,2026-02-18T09:26:40.126233Z,1771406800089,interval,"0,3,1905,1004"
fn_1771406800272.jpg,2026-02-18T09:26:40.301879Z,1771406800272,interval,"0,3,1905,1004"
fn_1771406800454.jpg,2026-02-18T09:26:40.480071Z,1771406800454,interval,"0,3,1905,1004"
fn_1771406800653.jpg,2026-02-18T09:26:40.690360Z,1771406800653,interval,"0,3,1905,1004"
fn_1771406800892.jpg,2026-02-18T09:26:40.928957Z,1771406800892,interval,"0,3,1905,1004"
fn_1771406801085.jpg,2026-02-18T09:26:41.119973Z,1771406801085,interval,"0,3,1905,1004"
fn_1771406801269.jpg,2026-02-18T09:26:41.289747Z,1771406801269,interval,"0,3,1905,1004"
fn_1771406801478.jpg,2026-02-18T09:26:41.500965Z,1771406801478,interval,"0,3,1905,1004"
fn_1771406801686.jpg,2026-02-18T09:26:41.730732Z,1771406801686,interval,"0,3,1905,1004"
fn_1771406801921.jpg,2026-02-18T09:26:41.957249Z,1771406801921,interval,"0,3,1905,1004"
fn_1771406802118.jpg,2026-02-18T09:26:42.139361Z,1771406802118,interval,"0,3,1905,1004"
fn_1771406802304.jpg,2026-02-18T09:26:42.340842Z,1771406802304,interval,"0,3,1905,1004"
fn_1771406802525.jpg,2026-02-18T09:26:42.564990Z,1771406802525,interval,"0,3,1905,1004"
fn_1771406802710.jpg,2026-02-18T09:26:42.747625Z,1771406802710,interval,"0,3,1905,1004"
fn_1771406802922.jpg,2026-02-18T09:26:42.970581Z,1771406802922,interval,"0,3,1905,1004"
fn_1771406803127.jpg,2026-02-18T09:26:43.149820Z,1771406803127,interval,"0,3,1905,1004"
fn_1771406803331.jpg,2026-02-18T09:26:43.367133Z,1771406803331,interval,"0,3,1905,1004"
fn_1771406803560.jpg,2026-02-18T09:26:43.607078Z,1771406803560,interval,"0,3,1905,1004"
fn_1771406803742.jpg,2026-02-18T09:26:43.770455Z,1771406803742,interval,"0,3,1905,1004"
fn_1771406803953.jpg,2026-02-18T09:26:43.972837Z,1771406803953,interval,"0,3,1905,1004"
fn_1771406804150.jpg,2026-02-18T09:26:44.208900Z,1771406804150,interval,"0,3,1905,1004"
fn_1771406804349.jpg,2026-02-18T09:26:44.368710Z,1771406804349,interval,"0,3,1905,1004"
fn_1771406804553.jpg,2026-02-18T09:26:44.570549Z,1771406804553,interval,"0,3,1905,1004"
fn_1771406804752.jpg,2026-02-18T09:26:44.772681Z,1771406804752,interval,"0,3,1905,1004"
fn_1771406804954.jpg,2026-02-18T09:26:44.975465Z,1771406804954,interval,"0,3,1905,1004"
fn_1771406805170.jpg,2026-02-18T09:26:45.206939Z,1771406805170,interval,"0,3,1905,1004"
fn_1771406805375.jpg,2026-02-18T09:26:45.401082Z,1771406805375,interval,"0,3,1905,1004"
fn_1771406805612.jpg,2026-02-18T09:26:45.648073Z,1771406805612,interval,"0,3,1905,1004"
fn_1771406805775.jpg,2026-02-18T09:26:45.791343Z,1771406805775,interval,"0,3,1905,1004"
fn_1771406805989.jpg,2026-02-18T09:26:46.010087Z,1771406805989,interval,"0,3,1905,1004"
fn_1771406806235.jpg,2026-02-18T09:26:46.308179Z,1771406806235,interval,"0,3,1905,1004"
fn_1771406806404.jpg,2026-02-18T09:26:46.421992Z,1771406806404,interval,"0,3,1905,1004"
fn_1771406806642.jpg,2026-02-18T09:26:46.689120Z,1771406806642,interval,"0,3,1905,1004"
fn_1771406806822.jpg,2026-02-18T09:26:46.848901Z,1771406806822,interval,"0,3,1905,1004"
fn_1771406807011.jpg,2026-02-18T09:26:47.068052Z,1771406807011,interval,"0,3,1905,1004"
fn_1771406807243.jpg,2026-02-18T09:26:47.273122Z,1771406807243,interval,"0,3,1905,1004"
fn_1771406807460.jpg,2026-02-18T09:26:47.507015Z,1771406807460,interval,"0,3,1905,1004"
fn_1771406807679.jpg,2026-02-18T09:26:47.716696Z,1771406807679,interval,"0,3,1905,1004"
fn_1771406807856.jpg,2026-02-18T09:26:47.880980Z,1771406807856,interval,"0,3,1905,1004"
fn_1771406808068.jpg,2026-02-18T09:26:48.096360Z,1771406808068,interval,"0,3,1905,1004"
fn_1771406808255.jpg,2026-02-18T09:26:48.269935Z,1771406808255,interval,"0,3,1905,1004"
fn_1771406808501.jpg,2026-02-18T09:26:48.539435Z,1771406808501,interval,"0,3,1905,1004"
fn_1771406808659.jpg,2026-02-18T09:26:48.669322Z,1771406808659,interval,"0,3,1905,1004"
fn_1771406808848.jpg,2026-02-18T09:26:48.862323Z,1771406808848,interval,"0,3,1905,1004"
fn_1771406809045.jpg,2026-02-18T09:26:49.085760Z,1771406809045,interval,"0,3,1905,1004"
fn_1771406809273.jpg,2026-02-18T09:26:49.293997Z,1771406809273,interval,"0,3,1905,1004"
fn_1771406809462.jpg,2026-02-18T09:26:49.477245Z,1771406809462,interval,"0,3,1905,1004"
fn_1771406809663.jpg,2026-02-18T09:26:49.680355Z,1771406809663,interval,"0,3,1905,1004"
fn_1771406809904.jpg,2026-02-18T09:26:49.926392Z,1771406809904,interval,"0,3,1905,1004"
fn_1771406810119.jpg,2026-02-18T09:26:50.140452Z,1771406810119,interval,"0,3,1905,1004"
fn_1771406810282.jpg,2026-02-18T09:26:50.294350Z,1771406810282,interval,"0,3,1905,1004"
fn_1771406810483.jpg,2026-02-18T09:26:50.494826Z,1771406810483,interval,"0,3,1905,1004"
fn_1771407111832.jpg,2026-02-18T09:31:51.844899Z,1771407111832,interval,"0,3,1905,1004"
fn_1771407112037.jpg,2026-02-18T09:31:52.049842Z,1771407112037,interval,"0,3,1905,1004"
fn_1771407112235.jpg,2026-02-18T09:31:52.247233Z,1771407112235,interval,"0,3,1905,1004"
fn_1771407112439.jpg,2026-02-18T09:31:52.450424Z,1771407112439,interval,"0,3,1905,1004"
fn_1771407112658.jpg,2026-02-18T09:31:52.675178Z,1771407112658,interval,"0,3,1905,1004"
fn_1771407112851.jpg,2026-02-18T09:31:52.868379Z,1771407112851,interval,"0,3,1905,1004"
fn_1771407113054.jpg,2026-02-18T09:31:53.066435Z,1771407113054,interval,"0,3,1905,1004"
fn_1771407113281.jpg,2026-02-18T09:31:53.298778Z,1771407113281,interval,"0,3,1905,1004"
fn_1771407113474.jpg,2026-02-18T09:31:53.493244Z,1771407113474,interval,"0,3,1905,1004"
fn_1771407113681.jpg,2026-02-18T09:31:53.698749Z,1771407113681,interval,"0,3,1905,1004"
fn_1771407113888.jpg,2026-02-18T09:31:53.909082Z,1771407113888,interval,"0,3,1905,1004"
fn_1771407114077.jpg,2026-02-18T09:31:54.094842Z,1771407114077,interval,"0,3,1905,1004"
fn_1771407114303.jpg,2026-02-18T09:31:54.323429Z,1771407114303,interval,"0,3,1905,1004"
fn_1771407114494.jpg,2026-02-18T09:31:54.513880Z,1771407114494,interval,"0,3,1905,1004"
fn_1771407114692.jpg,2026-02-18T09:31:54.712380Z,1771407114692,interval,"0,3,1905,1004"
fn_1771407114912.jpg,2026-02-18T09:31:54.930878Z,1771407114912,interval,"0,3,1905,1004"
fn_1771407115112.jpg,2026-02-18T09:31:55.130966Z,1771407115112,interval,"0,3,1905,1004"
fn_1771407115310.jpg,2026-02-18T09:31:55.327505Z,1771407115310,interval,"0,3,1905,1004"
fn_1771407115532.jpg,2026-02-18T09:31:55.550666Z,1771407115532,interval,"0,3,1905,1004"
fn_1771407115724.jpg,2026-02-18T09:31:55.740315Z,1771407115724,interval,"0,3,1905,1004"
fn_1771407115928.jpg,2026-02-18T09:31:55.946079Z,1771407115928,interval,"0,3,1905,1004"
fn_1771407116123.jpg,2026-02-18T09:31:56.139944Z,1771407116123,interval,"0,3,1905,1004"
fn_1771407116334.jpg,2026-02-18T09:31:56.352043Z,1771407116334,interval,"0,3,1905,1004"
fn_1771407116544.jpg,2026-02-18T09:31:56.563885Z,1771407116544,interval,"0,3,1905,1004"
fn_1771407116749.jpg,2026-02-18T09:31:56.767879Z,1771407116749,interval,"0,3,1905,1004"
fn_1771407116944.jpg,2026-02-18T09:31:56.962333Z,1771407116944,interval,"0,3,1905,1004"
fn_1771407117150.jpg,2026-02-18T09:31:57.166168Z,1771407117150,interval,"0,3,1905,1004"
fn_1771407117344.jpg,2026-02-18T09:31:57.362791Z,1771407117344,interval,"0,3,1905,1004"
fn_1771407117561.jpg,2026-02-18T09:31:57.580570Z,1771407117561,interval,"0,3,1905,1004"
fn_1771407117763.jpg,2026-02-18T09:31:57.779309Z,1771407117763,interval,"0,3,1905,1004"
fn_1771407117957.jpg,2026-02-18T09:31:57.973963Z,1771407117957,interval,"0,3,1905,1004"
fn_1771407118159.jpg,2026-02-18T09:31:58.175472Z,1771407118159,interval,"0,3,1905,1004"
fn_1771407118385.jpg,2026-02-18T09:31:58.403574Z,1771407118385,interval,"0,3,1905,1004"
fn_1771407118576.jpg,2026-02-18T09:31:58.593605Z,1771407118576,interval,"0,3,1905,1004"
fn_1771407118777.jpg,2026-02-18T09:31:58.794432Z,1771407118777,interval,"0,3,1905,1004"
fn_1771407118995.jpg,2026-02-18T09:31:59.033998Z,1771407118995,interval,"0,3,1905,1004"
fn_1771407119197.jpg,2026-02-18T09:31:59.213907Z,1771407119197,interval,"0,3,1905,1004"
fn_1771407119404.jpg,2026-02-18T09:31:59.424113Z,1771407119404,interval,"0,3,1905,1004"
fn_1771407119615.jpg,2026-02-18T09:31:59.636439Z,1771407119615,interval,"0,3,1905,1004"
fn_1771407119819.jpg,2026-02-18T09:31:59.835834Z,1771407119819,interval,"0,3,1905,1004"
fn_1771407120035.jpg,2026-02-18T09:32:00.051845Z,1771407120035,interval,"0,3,1905,1004"
fn_1771407120231.jpg,2026-02-18T09:32:00.252635Z,1771407120231,interval,"0,3,1905,1004"
fn_1771407120459.jpg,2026-02-18T09:32:00.476706Z,1771407120459,interval,"0,3,1905,1004"
fn_1771407120657.jpg,2026-02-18T09:32:00.677474Z,1771407120657,interval,"0,3,1905,1004"
fn_1771407120857.jpg,2026-02-18T09:32:00.877468Z,1771407120857,interval,"0,3,1905,1004"
fn_1771407121052.jpg,2026-02-18T09:32:01.070727Z,1771407121052,interval,"0,3,1905,1004"
fn_1771407121270.jpg,2026-02-18T09:32:01.289896Z,1771407121270,interval,"0,3,1905,1004"
fn_1771407121470.jpg,2026-02-18T09:32:01.491861Z,1771407121470,interval,"0,3,1905,1004"
fn_1771407121672.jpg,2026-02-18T09:32:01.690880Z,1771407121672,interval,"0,3,1905,1004"
fn_1771407121910.jpg,2026-02-18T09:32:01.939566Z,1771407121910,interval,"0,3,1905,1004"
fn_1771407122098.jpg,2026-02-18T09:32:02.116353Z,1771407122098,interval,"0,3,1905,1004"
fn_1771407122283.jpg,2026-02-18T09:32:02.300133Z,1771407122283,interval,"0,3,1905,1004"
fn_1771407122515.jpg,2026-02-18T09:32:02.546644Z,1771407122515,interval,"0,3,1905,1004"
fn_1771407122709.jpg,2026-02-18T09:32:02.730787Z,1771407122709,interval,"0,3,1905,1004"
fn_1771407122913.jpg,2026-02-18T09:32:02.944302Z,1771407122913,interval,"0,3,1905,1004"
fn_1771407123129.jpg,2026-02-18T09:32:03.153395Z,1771407123129,interval,"0,3,1905,1004"
fn_1771407123320.jpg,2026-02-18T09:32:03.340307Z,1771407123320,interval,"0,3,1905,1004"
fn_1771407123535.jpg,2026-02-18T09:32:03.553325Z,1771407123535,interval,"0,3,1905,1004"
fn_1771407123728.jpg,2026-02-18T09:32:03.745753Z,1771407123728,interval,"0,3,1905,1004"
fn_1771407123963.jpg,2026-02-18T09:32:03.999411Z,1771407123963,interval,"0,3,1905,1004"
fn_1771407124154.jpg,2026-02-18T09:32:04.176056Z,1771407124154,interval,"0,3,1905,1004"
fn_1771407124336.jpg,2026-02-18T09:32:04.358080Z,1771407124336,interval,"0,3,1905,1004"
fn_1771407124542.jpg,2026-02-18T09:32:04.562153Z,1771407124542,interval,"0,3,1905,1004"
fn_1771407124754.jpg,2026-02-18T09:32:04.805544Z,1771407124754,interval,"0,3,1905,1004"
fn_1771407124954.jpg,2026-02-18T09:32:04.973824Z,1771407124954,interval,"0,3,1905,1004"
fn_1771407125179.jpg,2026-02-18T09:32:05.198657Z,1771407125179,interval,"0,3,1905,1004"
fn_1771407125361.jpg,2026-02-18T09:32:05.381914Z,1771407125361,interval,"0,3,1905,1004"
fn_1771407125610.jpg,2026-02-18T09:32:05.636605Z,1771407125610,interval,"0,3,1905,1004"
fn_1771407125774.jpg,2026-02-18T09:32:05.793438Z,1771407125774,interval,"0,3,1905,1004"
fn_1771407125985.jpg,2026-02-18T09:32:06.000586Z,1771407125985,interval,"0,3,1905,1004"
fn_1771407126220.jpg,2026-02-18T09:32:06.247189Z,1771407126220,interval,"0,3,1905,1004"
fn_1771407126413.jpg,2026-02-18T09:32:06.442109Z,1771407126413,interval,"0,3,1905,1004"
fn_1771407126627.jpg,2026-02-18T09:32:06.655898Z,1771407126627,interval,"0,3,1905,1004"
fn_1771407126813.jpg,2026-02-18T09:32:06.835377Z,1771407126813,interval,"0,3,1905,1004"
fn_1771407127000.jpg,2026-02-18T09:32:07.017441Z,1771407127000,interval,"0,3,1905,1004"
fn_1771407127220.jpg,2026-02-18T09:32:07.242760Z,1771407127220,interval,"0,3,1905,1004"
fn_1771407127428.jpg,2026-02-18T09:32:07.445551Z,1771407127428,interval,"0,3,1905,1004"
fn_1771407127623.jpg,2026-02-18T09:32:07.643376Z,1771407127623,interval,"0,3,1905,1004"
fn_1771407127836.jpg,2026-02-18T09:32:07.860066Z,1771407127836,interval,"0,3,1905,1004"
fn_1771407128038.jpg,2026-02-18T09:32:08.058254Z,1771407128038,interval,"0,3,1905,1004"
fn_1771407128236.jpg,2026-02-18T09:32:08.254176Z,1771407128236,interval,"0,3,1905,1004"
fn_1771407128470.jpg,2026-02-18T09:32:08.488003Z,1771407128470,interval,"0,3,1905,1004"
fn_1771407128658.jpg,2026-02-18T09:32:08.677532Z,1771407128658,interval,"0,3,1905,1004"
fn_1771407128892.jpg,2026-02-18T09:32:08.925222Z,1771407128892,interval,"0,3,1905,1004"
fn_1771407129099.jpg,2026-02-18T09:32:09.122783Z,1771407129099,interval,"0,3,1905,1004"
fn_1771407129284.jpg,2026-02-18T09:32:09.304730Z,1771407129284,interval,"0,3,1905,1004"
fn_1771407129486.jpg,2026-02-18T09:32:09.504117Z,1771407129486,interval,"0,3,1905,1004"
fn_1771407129711.jpg,2026-02-18T09:32:09.737531Z,1771407129711,interval,"0,3,1905,1004"
fn_1771407129896.jpg,2026-02-18T09:32:09.919151Z,1771407129896,interval,"0,3,1905,1004"
fn_1771407130106.jpg,2026-02-18T09:32:10.130660Z,1771407130106,interval,"0,3,1905,1004"
fn_1771407130291.jpg,2026-02-18T09:32:10.332278Z,1771407130291,interval,"0,3,1905,1004"
fn_1771407130506.jpg,2026-02-18T09:32:10.523665Z,1771407130506,interval,"0,3,1905,1004"
fn_1771407130710.jpg,2026-02-18T09:32:10.732893Z,1771407130710,interval,"0,3,1905,1004"
fn_1771407130911.jpg,2026-02-18T09:32:10.940887Z,1771407130911,interval,"0,3,1905,1004"
fn_1771407131147.jpg,2026-02-18T09:32:11.168920Z,1771407131147,interval,"0,3,1905,1004"
fn_1771407131329.jpg,2026-02-18T09:32:11.349839Z,1771407131329,interval,"0,3,1905,1004"
fn_1771407131538.jpg,2026-02-18T09:32:11.557893Z,1771407131538,interval,"0,3,1905,1004"
fn_1771407131740.jpg,2026-02-18T09:32:11.760109Z,1771407131740,interval,"0,3,1905,1004"
fn_1771407131942.jpg,2026-02-18T09:32:11.962387Z,1771407131942,interval,"0,3,1905,1004"
fn_1771407132157.jpg,2026-02-18T09:32:12.176950Z,1771407132157,interval,"0,3,1905,1004"
fn_1771407132360.jpg,2026-02-18T09:32:12.379745Z,1771407132360,interval,"0,3,1905,1004"
fn_1771407132552.jpg,2026-02-18T09:32:12.567998Z,1771407132552,interval,"0,3,1905,1004"
fn_1771407132754.jpg,2026-02-18T09:32:12.770786Z,1771407132754,interval,"0,3,1905,1004"
fn_1771407132968.jpg,2026-02-18T09:32:12.987100Z,1771407132968,interval,"0,3,1905,1004"
fn_1771407133166.jpg,2026-02-18T09:32:13.187860Z,1771407133166,interval,"0,3,1905,1004"
fn_1771407133370.jpg,2026-02-18T09:32:13.392661Z,1771407133370,interval,"0,3,1905,1004"
fn_1771407133572.jpg,2026-02-18T09:32:13.590647Z,1771407133572,interval,"0,3,1905,1004"
fn_1771407133789.jpg,2026-02-18T09:32:13.826212Z,1771407133789,interval,"0,3,1905,1004"
fn_1771407133988.jpg,2026-02-18T09:32:14.008896Z,1771407133988,interval,"0,3,1905,1004"
fn_1771407134185.jpg,2026-02-18T09:32:14.203943Z,1771407134185,interval,"0,3,1905,1004"
fn_1771407134405.jpg,2026-02-18T09:32:14.427104Z,1771407134405,interval,"0,3,1905,1004"
fn_1771407134615.jpg,2026-02-18T09:32:14.645048Z,1771407134615,interval,"0,3,1905,1004"
fn_1771407134862.jpg,2026-02-18T09:32:14.884370Z,1771407134862,interval,"0,3,1905,1004"
fn_1771407135017.jpg,2026-02-18T09:32:15.038573Z,1771407135017,interval,"0,3,1905,1004"
fn_1771407135265.jpg,2026-02-18T09:32:15.316483Z,1771407135265,interval,"0,3,1905,1004"
fn_1771407135447.jpg,2026-02-18T09:32:15.471964Z,1771407135447,interval,"0,3,1905,1004"
fn_1771407135685.jpg,2026-02-18T09:32:15.733351Z,1771407135685,interval,"0,3,1905,1004"
fn_1771407135847.jpg,2026-02-18T09:32:15.870621Z,1771407135847,interval,"0,3,1905,1004"
fn_1771407136041.jpg,2026-02-18T09:32:16.065307Z,1771407136041,interval,"0,3,1905,1004"
fn_1771407136269.jpg,2026-02-18T09:32:16.293101Z,1771407136269,interval,"0,3,1905,1004"
fn_1771407136459.jpg,2026-02-18T09:32:16.470463Z,1771407136459,interval,"0,3,1905,1004"
fn_1771407136665.jpg,2026-02-18T09:32:16.677453Z,1771407136665,interval,"0,3,1905,1004"
fn_1771407136860.jpg,2026-02-18T09:32:16.872181Z,1771407136860,interval,"0,3,1905,1004"
fn_1771407137091.jpg,2026-02-18T09:32:17.120776Z,1771407137091,interval,"0,3,1905,1004"
fn_1771407137281.jpg,2026-02-18T09:32:17.296730Z,1771407137281,interval,"0,3,1905,1004"
fn_1771407137489.jpg,2026-02-18T09:32:17.504866Z,1771407137489,interval,"0,3,1905,1004"
fn_1771407137730.jpg,2026-02-18T09:32:17.758067Z,1771407137730,interval,"0,3,1905,1004"
fn_1771407137915.jpg,2026-02-18T09:32:17.946728Z,1771407137915,interval,"0,3,1905,1004"
